{"name": "testroom", "type": "pointreverb", "id": 0, "channels": 0, "priority": 0, "level": 1.0, "position": {"az": "176.00", "el": "-4.00", "radius": "1.00"}, "room": {"ereflect": [{"level": "2.537e-01", "delay": "4.313e-03", "position": {"az": "180.0", "el": "-22.0", "refdist": "1.0"}, "biquadsos": [{"b0": "1.303e-01", "b1": "0.000e+00", "b2": "0.000e+00", "a0": "1.000e+00", "a1": "-3.927e-01", "a2": "-2.894e-01"}, {"b0": "1.000e+00", "b1": "0.000e+00", "b2": "0.000e+00", "a0": "1.000e+00", "a1": "-7.973e-01", "a2": "6.616e-01"}, {"b0": "1.000e+00", "b1": "0.000e+00", "b2": "0.000e+00", "a0": "1.000e+00", "a1": "-1.520e+00", "a2": "7.093e-01"}, {"b0": "1.000e+00", "b1": "0.000e+00", "b2": "0.000e+00", "a0": "1.000e+00", "a1": "-4.665e-01", "a2": "7.770e-01"}]}, {"level": "1.111e-01", "delay": "1.060e-02", "position": {"az": "131.0", "el": "5.0", "refdist": "1.0"}, "biquadsos": [{"b0": "1.671e-01", "b1": "0.000e+00", "b2": "0.000e+00", "a0": "1.000e+00", "a1": "-1.084e-01", "a2": "3.029e-01"}, {"b0": "1.000e+00", "b1": "0.000e+00", "b2": "0.000e+00", "a0": "1.000e+00", "a1": "1.053e+00", "a2": "3.487e-01"}, {"b0": "1.000e+00", "b1": "0.000e+00", "b2": "0.000e+00", "a0": "1.000e+00", "a1": "-1.594e+00", "a2": "6.853e-01"}, {"b0": "1.000e+00", "b1": "0.000e+00", "b2": "0.000e+00", "a0": "1.000e+00", "a1": "-1.439e+00", "a2": "8.068e-01"}]}, {"level": "3.549e-02", "delay": "1.467e-02", "position": {"az": "95.0", "el": "-13.0", "refdist": "1.0"}, "biquadsos": [{"b0": "2.533e-01", "b1": "0.000e+00", "b2": "0.000e+00", "a0": "1.000e+00", "a1": "1.102e+00", "a2": "3.767e-01"}, {"b0": "1.000e+00", "b1": "0.000e+00", "b2": "0.000e+00", "a0": "1.000e+00", "a1": "1.629e-01", "a2": "3.781e-01"}, {"b0": "1.000e+00", "b1": "0.000e+00", "b2": "0.000e+00", "a0": "1.000e+00", "a1": "-1.778e+00", "a2": "8.287e-01"}, {"b0": "1.000e+00", "b1": "0.000e+00", "b2": "0.000e+00", "a0": "1.000e+00", "a1": "-1.236e+00", "a2": "8.988e-01"}]}, {"level": "2.424e-02", "delay": "1.721e-02", "position": {"az": "115.0", "el": "-30.0", "refdist": "1.0"}, "biquadsos": [{"b0": "3.402e-01", "b1": "0.000e+00", "b2": "0.000e+00", "a0": "1.000e+00", "a1": "-3.664e-01", "a2": "1.112e-01"}, {"b0": "1.000e+00", "b1": "0.000e+00", "b2": "0.000e+00", "a0": "1.000e+00", "a1": "1.033e+00", "a2": "3.445e-01"}, {"b0": "1.000e+00", "b1": "0.000e+00", "b2": "0.000e+00", "a0": "1.000e+00", "a1": "-7.917e-01", "a2": "6.701e-01"}, {"b0": "1.000e+00", "b1": "0.000e+00", "b2": "0.000e+00", "a0": "1.000e+00", "a1": "-1.542e+00", "a2": "7.590e-01"}]}, {"level": "2.387e-02", "delay": "2.052e-02", "position": {"az": "38.0", "el": "-19.0", "refdist": "1.0"}, "biquadsos": [{"b0": "2.574e-01", "b1": "0.000e+00", "b2": "0.000e+00", "a0": "1.000e+00", "a1": "-8.959e-01", "a2": "1.725e-01"}, {"b0": "1.000e+00", "b1": "0.000e+00", "b2": "0.000e+00", "a0": "1.000e+00", "a1": "1.121e+00", "a2": "4.124e-01"}, {"b0": "1.000e+00", "b1": "0.000e+00", "b2": "0.000e+00", "a0": "1.000e+00", "a1": "-7.171e-01", "a2": "7.499e-01"}, {"b0": "1.000e+00", "b1": "0.000e+00", "b2": "0.000e+00", "a0": "1.000e+00", "a1": "-1.496e+00", "a2": "7.815e-01"}]}, {"level": "3.155e-02", "delay": "2.369e-02", "position": {"az": "12.0", "el": "3.0", "refdist": "1.0"}, "biquadsos": [{"b0": "5.037e-01", "b1": "0.000e+00", "b2": "0.000e+00", "a0": "1.000e+00", "a1": "1.779e-01", "a2": "-3.209e-01"}, {"b0": "1.000e+00", "b1": "0.000e+00", "b2": "0.000e+00", "a0": "1.000e+00", "a1": "8.386e-01", "a2": "4.600e-01"}, {"b0": "1.000e+00", "b1": "0.000e+00", "b2": "0.000e+00", "a0": "1.000e+00", "a1": "-1.575e+00", "a2": "7.584e-01"}, {"b0": "1.000e+00", "b1": "0.000e+00", "b2": "0.000e+00", "a0": "1.000e+00", "a1": "-6.788e-01", "a2": "7.971e-01"}]}, {"level": "4.537e-02", "delay": "2.567e-02", "position": {"az": "39.0", "el": "-8.0", "refdist": "1.0"}, "biquadsos": [{"b0": "3.984e-01", "b1": "0.000e+00", "b2": "0.000e+00", "a0": "1.000e+00", "a1": "3.359e-01", "a2": "-7.213e-02"}, {"b0": "1.000e+00", "b1": "0.000e+00", "b2": "0.000e+00", "a0": "1.000e+00", "a1": "6.186e-01", "a2": "2.636e-01"}, {"b0": "1.000e+00", "b1": "0.000e+00", "b2": "0.000e+00", "a0": "1.000e+00", "a1": "-1.543e+00", "a2": "6.589e-01"}, {"b0": "1.000e+00", "b1": "0.000e+00", "b2": "0.000e+00", "a0": "1.000e+00", "a1": "-8.904e-01", "a2": "6.593e-01"}]}, {"level": "2.442e-02", "delay": "2.927e-02", "position": {"az": "23.0", "el": "-7.0", "refdist": "1.0"}, "biquadsos": [{"b0": "3.831e-01", "b1": "0.000e+00", "b2": "0.000e+00", "a0": "1.000e+00", "a1": "6.165e-01", "a2": "2.712e-01"}, {"b0": "1.000e+00", "b1": "0.000e+00", "b2": "0.000e+00", "a0": "1.000e+00", "a1": "-1.338e-01", "a2": "-3.696e-01"}, {"b0": "1.000e+00", "b1": "0.000e+00", "b2": "0.000e+00", "a0": "1.000e+00", "a1": "-6.239e-01", "a2": "5.999e-01"}, {"b0": "1.000e+00", "b1": "0.000e+00", "b2": "0.000e+00", "a0": "1.000e+00", "a1": "-1.436e+00", "a2": "6.849e-01"}]}, {"level": "7.668e-02", "delay": "3.383e-02", "position": {"az": "259.0", "el": "-10.0", "refdist": "1.0"}, "biquadsos": [{"b0": "1.127e-01", "b1": "0.000e+00", "b2": "0.000e+00", "a0": "1.000e+00", "a1": "-6.516e-01", "a2": "4.543e-01"}, {"b0": "1.000e+00", "b1": "0.000e+00", "b2": "0.000e+00", "a0": "1.000e+00", "a1": "5.891e-01", "a2": "5.230e-01"}, {"b0": "1.000e+00", "b1": "0.000e+00", "b2": "0.000e+00", "a0": "1.000e+00", "a1": "-1.252e+00", "a2": "6.563e-01"}, {"b0": "1.000e+00", "b1": "0.000e+00", "b2": "0.000e+00", "a0": "1.000e+00", "a1": "-1.606e+00", "a2": "7.626e-01"}]}, {"level": "1.614e-01", "delay": "3.727e-02", "position": {"az": "359.0", "el": "3.0", "refdist": "1.0"}, "biquadsos": [{"b0": "2.710e-01", "b1": "0.000e+00", "b2": "0.000e+00", "a0": "1.000e+00", "a1": "1.103e+00", "a2": "4.002e-01"}, {"b0": "1.000e+00", "b1": "0.000e+00", "b2": "0.000e+00", "a0": "1.000e+00", "a1": "-1.068e+00", "a2": "5.299e-01"}, {"b0": "1.000e+00", "b1": "0.000e+00", "b2": "0.000e+00", "a0": "1.000e+00", "a1": "-4.835e-01", "a2": "5.979e-01"}, {"b0": "1.000e+00", "b1": "0.000e+00", "b2": "0.000e+00", "a0": "1.000e+00", "a1": "-1.532e+00", "a2": "6.909e-01"}]}, {"level": "6.661e-02", "delay": "4.200e-02", "position": {"az": "350.0", "el": "4.0", "refdist": "1.0"}, "biquadsos": [{"b0": "2.035e-01", "b1": "0.000e+00", "b2": "0.000e+00", "a0": "1.000e+00", "a1": "7.573e-01", "a2": "3.205e-01"}, {"b0": "1.000e+00", "b1": "0.000e+00", "b2": "0.000e+00", "a0": "1.000e+00", "a1": "-1.176e+00", "a2": "7.623e-01"}, {"b0": "1.000e+00", "b1": "0.000e+00", "b2": "0.000e+00", "a0": "1.000e+00", "a1": "-1.717e+00", "a2": "8.324e-01"}, {"b0": "1.000e+00", "b1": "0.000e+00", "b2": "0.000e+00", "a0": "1.000e+00", "a1": "-4.234e-01", "a2": "8.632e-01"}]}, {"level": "3.144e-02", "delay": "4.819e-02", "position": {"az": "352.0", "el": "18.0", "refdist": "1.0"}, "biquadsos": [{"b0": "1.109e-01", "b1": "0.000e+00", "b2": "0.000e+00", "a0": "1.000e+00", "a1": "3.321e-01", "a2": "3.348e-01"}, {"b0": "1.000e+00", "b1": "0.000e+00", "b2": "0.000e+00", "a0": "1.000e+00", "a1": "-4.775e-01", "a2": "7.846e-01"}, {"b0": "1.000e+00", "b1": "0.000e+00", "b2": "0.000e+00", "a0": "1.000e+00", "a1": "-1.693e+00", "a2": "7.939e-01"}, {"b0": "1.000e+00", "b1": "0.000e+00", "b2": "0.000e+00", "a0": "1.000e+00", "a1": "-1.388e+00", "a2": "8.750e-01"}]}, {"level": "2.961e-02", "delay": "5.042e-02", "position": {"az": "1.0", "el": "4.0", "refdist": "1.0"}, "biquadsos": [{"b0": "4.727e-01", "b1": "0.000e+00", "b2": "0.000e+00", "a0": "1.000e+00", "a1": "9.617e-02", "a2": "-3.345e-01"}, {"b0": "1.000e+00", "b1": "0.000e+00", "b2": "0.000e+00", "a0": "1.000e+00", "a1": "8.069e-01", "a2": "4.145e-01"}, {"b0": "1.000e+00", "b1": "0.000e+00", "b2": "0.000e+00", "a0": "1.000e+00", "a1": "-5.608e-01", "a2": "5.824e-01"}, {"b0": "1.000e+00", "b1": "0.000e+00", "b2": "0.000e+00", "a0": "1.000e+00", "a1": "-1.557e+00", "a2": "7.827e-01"}]}, {"level": "3.830e-02", "delay": "5.346e-02", "position": {"az": "60.0", "el": "0.0", "refdist": "1.0"}, "biquadsos": [{"b0": "2.684e-01", "b1": "0.000e+00", "b2": "0.000e+00", "a0": "1.000e+00", "a1": "1.095e+00", "a2": "4.075e-01"}, {"b0": "1.000e+00", "b1": "0.000e+00", "b2": "0.000e+00", "a0": "1.000e+00", "a1": "-7.669e-01", "a2": "-9.786e-03"}, {"b0": "1.000e+00", "b1": "0.000e+00", "b2": "0.000e+00", "a0": "1.000e+00", "a1": "-5.403e-01", "a2": "7.477e-01"}, {"b0": "1.000e+00", "b1": "0.000e+00", "b2": "0.000e+00", "a0": "1.000e+00", "a1": "-1.594e+00", "a2": "8.848e-01"}]}, {"level": "9.741e-02", "delay": "5.581e-02", "position": {"az": "335.0", "el": "12.0", "refdist": "1.0"}, "biquadsos": [{"b0": "2.762e-01", "b1": "0.000e+00", "b2": "0.000e+00", "a0": "1.000e+00", "a1": "-8.754e-01", "a2": "4.340e-01"}, {"b0": "1.000e+00", "b1": "0.000e+00", "b2": "0.000e+00", "a0": "1.000e+00", "a1": "1.303e+00", "a2": "5.544e-01"}, {"b0": "1.000e+00", "b1": "0.000e+00", "b2": "0.000e+00", "a0": "1.000e+00", "a1": "-7.200e-01", "a2": "7.642e-01"}, {"b0": "1.000e+00", "b1": "0.000e+00", "b2": "0.000e+00", "a0": "1.000e+00", "a1": "-1.618e+00", "a2": "7.924e-01"}]}, {"level": "2.933e-02", "delay": "6.027e-02", "position": {"az": "32.0", "el": "10.0", "refdist": "1.0"}, "biquadsos": [{"b0": "3.333e-01", "b1": "0.000e+00", "b2": "0.000e+00", "a0": "1.000e+00", "a1": "7.381e-01", "a2": "3.083e-01"}, {"b0": "1.000e+00", "b1": "0.000e+00", "b2": "0.000e+00", "a0": "1.000e+00", "a1": "-3.125e-01", "a2": "-4.742e-01"}, {"b0": "1.000e+00", "b1": "0.000e+00", "b2": "0.000e+00", "a0": "1.000e+00", "a1": "-6.275e-01", "a2": "7.575e-01"}, {"b0": "1.000e+00", "b1": "0.000e+00", "b2": "0.000e+00", "a0": "1.000e+00", "a1": "-1.513e+00", "a2": "8.094e-01"}]}, {"level": "2.830e-02", "delay": "6.281e-02", "position": {"az": "242.0", "el": "-25.0", "refdist": "1.0"}, "biquadsos": [{"b0": "3.078e-01", "b1": "0.000e+00", "b2": "0.000e+00", "a0": "1.000e+00", "a1": "7.226e-01", "a2": "4.034e-01"}, {"b0": "1.000e+00", "b1": "0.000e+00", "b2": "0.000e+00", "a0": "1.000e+00", "a1": "-6.015e-02", "a2": "-4.433e-01"}, {"b0": "1.000e+00", "b1": "0.000e+00", "b2": "0.000e+00", "a0": "1.000e+00", "a1": "-7.906e-01", "a2": "4.990e-01"}, {"b0": "1.000e+00", "b1": "0.000e+00", "b2": "0.000e+00", "a0": "1.000e+00", "a1": "-1.484e+00", "a2": "7.684e-01"}]}, {"level": "4.315e-02", "delay": "6.467e-02", "position": {"az": "345.0", "el": "23.0", "refdist": "1.0"}, "biquadsos": [{"b0": "1.835e-01", "b1": "0.000e+00", "b2": "0.000e+00", "a0": "1.000e+00", "a1": "1.240e+00", "a2": "5.009e-01"}, {"b0": "1.000e+00", "b1": "0.000e+00", "b2": "0.000e+00", "a0": "1.000e+00", "a1": "-6.607e-01", "a2": "7.332e-01"}, {"b0": "1.000e+00", "b1": "0.000e+00", "b2": "0.000e+00", "a0": "1.000e+00", "a1": "-1.267e+00", "a2": "7.358e-01"}, {"b0": "1.000e+00", "b1": "0.000e+00", "b2": "0.000e+00", "a0": "1.000e+00", "a1": "-1.654e+00", "a2": "7.783e-01"}]}, {"level": "4.544e-02", "delay": "6.771e-02", "position": {"az": "332.0", "el": "10.0", "refdist": "1.0"}, "biquadsos": [{"b0": "3.860e-01", "b1": "0.000e+00", "b2": "0.000e+00", "a0": "1.000e+00", "a1": "8.900e-01", "a2": "4.406e-01"}, {"b0": "1.000e+00", "b1": "0.000e+00", "b2": "0.000e+00", "a0": "1.000e+00", "a1": "-5.615e-01", "a2": "6.518e-01"}, {"b0": "1.000e+00", "b1": "0.000e+00", "b2": "0.000e+00", "a0": "1.000e+00", "a1": "-2.000e-01", "a2": "-5.368e-01"}, {"b0": "1.000e+00", "b1": "0.000e+00", "b2": "0.000e+00", "a0": "1.000e+00", "a1": "-1.540e+00", "a2": "7.993e-01"}]}, {"level": "3.825e-02", "delay": "6.921e-02", "position": {"az": "25.0", "el": "11.0", "refdist": "1.0"}, "biquadsos": [{"b0": "3.434e-01", "b1": "0.000e+00", "b2": "0.000e+00", "a0": "1.000e+00", "a1": "9.154e-01", "a2": "5.089e-01"}, {"b0": "1.000e+00", "b1": "0.000e+00", "b2": "0.000e+00", "a0": "1.000e+00", "a1": "-8.239e-02", "a2": "-5.377e-01"}, {"b0": "1.000e+00", "b1": "0.000e+00", "b2": "0.000e+00", "a0": "1.000e+00", "a1": "-1.625e+00", "a2": "8.615e-01"}, {"b0": "1.000e+00", "b1": "0.000e+00", "b2": "0.000e+00", "a0": "1.000e+00", "a1": "-7.544e-01", "a2": "8.709e-01"}]}], "lreverb": {"delay": "4.313e-03", "level": "2.53e-04, 5.56e-03, 1.09e-02, 1.67e-02, 1.62e-02, 1.29e-02, 1.08e-02, 5.77e-03, 2.77e-05", "attacktime": "7.76e-02, 7.76e-02, 7.76e-02, 7.76e-02, 7.76e-02, 7.76e-02, 7.76e-02, 7.76e-02, 7.76e-02", "decayconst": "-1.16e-01, -1.67e-01, -4.03e-01, -5.07e+00, -4.95e+00, -5.54e+00, -7.18e+00, -9.28e+00, -1.35e-01"}}}