{"name": "testroom", "type": "pointreverb", "id": 0, "channels": 0, "priority": 0, "level": 1.0, "position": {"az": "56.00", "el": "21.00", "radius": "1.00"}, "room": {"ereflect": [{"level": "5.541e-01", "delay": "1.979e-03", "position": {"az": "230.0", "el": "16.0", "refdist": "1.0"}, "biquadsos": [{"b0": "8.746e-01", "b1": "0.000e+00", "b2": "0.000e+00", "a0": "1.000e+00", "a1": "7.404e-01", "a2": "9.494e-02"}, {"b0": "1.000e+00", "b1": "0.000e+00", "b2": "0.000e+00", "a0": "1.000e+00", "a1": "-6.783e-01", "a2": "6.874e-01"}, {"b0": "1.000e+00", "b1": "0.000e+00", "b2": "0.000e+00", "a0": "1.000e+00", "a1": "-1.552e+00", "a2": "7.107e-01"}, {"b0": "1.000e+00", "b1": "0.000e+00", "b2": "0.000e+00", "a0": "1.000e+00", "a1": "1.143e+00", "a2": "7.278e-01"}]}, {"level": "2.193e-01", "delay": "9.437e-03", "position": {"az": "277.0", "el": "14.0", "refdist": "1.0"}, "biquadsos": [{"b0": "8.478e-01", "b1": "0.000e+00", "b2": "0.000e+00", "a0": "1.000e+00", "a1": "-4.105e-01", "a2": "1.934e-01"}, {"b0": "1.000e+00", "b1": "0.000e+00", "b2": "0.000e+00", "a0": "1.000e+00", "a1": "1.119e-01", "a2": "5.362e-01"}, {"b0": "1.000e+00", "b1": "0.000e+00", "b2": "0.000e+00", "a0": "1.000e+00", "a1": "1.336e+00", "a2": "6.187e-01"}, {"b0": "1.000e+00", "b1": "0.000e+00", "b2": "0.000e+00", "a0": "1.000e+00", "a1": "-1.485e+00", "a2": "7.384e-01"}]}, {"level": "2.226e-01", "delay": "1.298e-02", "position": {"az": "175.0", "el": "-3.0", "refdist": "1.0"}, "biquadsos": [{"b0": "8.284e-01", "b1": "0.000e+00", "b2": "0.000e+00", "a0": "1.000e+00", "a1": "2.146e-01", "a2": "2.592e-01"}, {"b0": "1.000e+00", "b1": "0.000e+00", "b2": "0.000e+00", "a0": "1.000e+00", "a1": "-5.426e-01", "a2": "6.078e-01"}, {"b0": "1.000e+00", "b1": "0.000e+00", "b2": "0.000e+00", "a0": "1.000e+00", "a1": "1.407e+00", "a2": "7.372e-01"}, {"b0": "1.000e+00", "b1": "0.000e+00", "b2": "0.000e+00", "a0": "1.000e+00", "a1": "-1.590e+00", "a2": "7.437e-01"}]}, {"level": "1.097e-01", "delay": "1.910e-02", "position": {"az": "37.0", "el": "16.0", "refdist": "1.0"}, "biquadsos": [{"b0": "7.868e-01", "b1": "0.000e+00", "b2": "0.000e+00", "a0": "1.000e+00", "a1": "3.470e-01", "a2": "-9.749e-02"}, {"b0": "1.000e+00", "b1": "0.000e+00", "b2": "0.000e+00", "a0": "1.000e+00", "a1": "-1.398e+00", "a2": "4.869e-01"}, {"b0": "1.000e+00", "b1": "0.000e+00", "b2": "0.000e+00", "a0": "1.000e+00", "a1": "1.186e+00", "a2": "7.439e-01"}, {"b0": "1.000e+00", "b1": "0.000e+00", "b2": "0.000e+00", "a0": "1.000e+00", "a1": "-6.407e-01", "a2": "7.944e-01"}]}, {"level": "1.659e-01", "delay": "2.185e-02", "position": {"az": "64.0", "el": "13.0", "refdist": "1.0"}, "biquadsos": [{"b0": "7.309e-01", "b1": "0.000e+00", "b2": "0.000e+00", "a0": "1.000e+00", "a1": "-7.731e-01", "a2": "4.295e-01"}, {"b0": "1.000e+00", "b1": "0.000e+00", "b2": "0.000e+00", "a0": "1.000e+00", "a1": "1.495e-01", "a2": "4.818e-01"}, {"b0": "1.000e+00", "b1": "0.000e+00", "b2": "0.000e+00", "a0": "1.000e+00", "a1": "-1.515e+00", "a2": "6.643e-01"}, {"b0": "1.000e+00", "b1": "0.000e+00", "b2": "0.000e+00", "a0": "1.000e+00", "a1": "1.423e+00", "a2": "6.934e-01"}]}, {"level": "1.246e-01", "delay": "2.281e-02", "position": {"az": "57.0", "el": "27.0", "refdist": "1.0"}, "biquadsos": [{"b0": "8.486e-01", "b1": "0.000e+00", "b2": "0.000e+00", "a0": "1.000e+00", "a1": "-4.321e-01", "a2": "2.205e-01"}, {"b0": "1.000e+00", "b1": "0.000e+00", "b2": "0.000e+00", "a0": "1.000e+00", "a1": "1.465e-02", "a2": "5.768e-01"}, {"b0": "1.000e+00", "b1": "0.000e+00", "b2": "0.000e+00", "a0": "1.000e+00", "a1": "-1.455e+00", "a2": "6.529e-01"}, {"b0": "1.000e+00", "b1": "0.000e+00", "b2": "0.000e+00", "a0": "1.000e+00", "a1": "1.326e+00", "a2": "6.722e-01"}]}, {"level": "1.011e-01", "delay": "2.617e-02", "position": {"az": "42.0", "el": "80.0", "refdist": "1.0"}, "biquadsos": [{"b0": "8.242e-01", "b1": "0.000e+00", "b2": "0.000e+00", "a0": "1.000e+00", "a1": "-1.017e-01", "a2": "5.784e-01"}, {"b0": "1.000e+00", "b1": "0.000e+00", "b2": "0.000e+00", "a0": "1.000e+00", "a1": "-9.898e-01", "a2": "7.122e-01"}, {"b0": "1.000e+00", "b1": "0.000e+00", "b2": "0.000e+00", "a0": "1.000e+00", "a1": "1.279e+00", "a2": "7.398e-01"}, {"b0": "1.000e+00", "b1": "0.000e+00", "b2": "0.000e+00", "a0": "1.000e+00", "a1": "-5.715e-01", "a2": "-3.424e-01"}]}, {"level": "8.496e-02", "delay": "2.998e-02", "position": {"az": "219.0", "el": "30.0", "refdist": "1.0"}, "biquadsos": [{"b0": "8.171e-01", "b1": "0.000e+00", "b2": "0.000e+00", "a0": "1.000e+00", "a1": "-1.212e+00", "a2": "3.718e-01"}, {"b0": "1.000e+00", "b1": "0.000e+00", "b2": "0.000e+00", "a0": "1.000e+00", "a1": "-1.052e+00", "a2": "6.362e-01"}, {"b0": "1.000e+00", "b1": "0.000e+00", "b2": "0.000e+00", "a0": "1.000e+00", "a1": "1.522e-01", "a2": "7.184e-01"}, {"b0": "1.000e+00", "b1": "0.000e+00", "b2": "0.000e+00", "a0": "1.000e+00", "a1": "1.471e+00", "a2": "7.207e-01"}]}, {"level": "6.524e-02", "delay": "3.358e-02", "position": {"az": "110.0", "el": "2.0", "refdist": "1.0"}, "biquadsos": [{"b0": "7.626e-01", "b1": "0.000e+00", "b2": "0.000e+00", "a0": "1.000e+00", "a1": "-7.822e-01", "a2": "5.789e-01"}, {"b0": "1.000e+00", "b1": "0.000e+00", "b2": "0.000e+00", "a0": "1.000e+00", "a1": "2.434e-01", "a2": "5.861e-01"}, {"b0": "1.000e+00", "b1": "0.000e+00", "b2": "0.000e+00", "a0": "1.000e+00", "a1": "1.292e+00", "a2": "6.225e-01"}, {"b0": "1.000e+00", "b1": "0.000e+00", "b2": "0.000e+00", "a0": "1.000e+00", "a1": "-1.435e+00", "a2": "5.028e-01"}]}, {"level": "5.908e-02", "delay": "3.598e-02", "position": {"az": "340.0", "el": "40.0", "refdist": "1.0"}, "biquadsos": [{"b0": "7.765e-01", "b1": "0.000e+00", "b2": "0.000e+00", "a0": "1.000e+00", "a1": "-1.525e+00", "a2": "5.749e-01"}, {"b0": "1.000e+00", "b1": "0.000e+00", "b2": "0.000e+00", "a0": "1.000e+00", "a1": "-9.988e-01", "a2": "7.345e-01"}, {"b0": "1.000e+00", "b1": "0.000e+00", "b2": "0.000e+00", "a0": "1.000e+00", "a1": "4.814e-01", "a2": "7.367e-01"}, {"b0": "1.000e+00", "b1": "0.000e+00", "b2": "0.000e+00", "a0": "1.000e+00", "a1": "1.570e+00", "a2": "7.768e-01"}]}, {"level": "5.632e-02", "delay": "3.994e-02", "position": {"az": "93.0", "el": "-8.0", "refdist": "1.0"}, "biquadsos": [{"b0": "7.788e-01", "b1": "0.000e+00", "b2": "0.000e+00", "a0": "1.000e+00", "a1": "-9.677e-01", "a2": "2.291e-01"}, {"b0": "1.000e+00", "b1": "0.000e+00", "b2": "0.000e+00", "a0": "1.000e+00", "a1": "4.615e-02", "a2": "5.537e-01"}, {"b0": "1.000e+00", "b1": "0.000e+00", "b2": "0.000e+00", "a0": "1.000e+00", "a1": "-1.179e+00", "a2": "6.173e-01"}, {"b0": "1.000e+00", "b1": "0.000e+00", "b2": "0.000e+00", "a0": "1.000e+00", "a1": "1.412e+00", "a2": "7.168e-01"}]}, {"level": "8.126e-02", "delay": "4.288e-02", "position": {"az": "62.0", "el": "15.0", "refdist": "1.0"}, "biquadsos": [{"b0": "6.916e-01", "b1": "0.000e+00", "b2": "0.000e+00", "a0": "1.000e+00", "a1": "1.187e+00", "a2": "5.237e-01"}, {"b0": "1.000e+00", "b1": "0.000e+00", "b2": "0.000e+00", "a0": "1.000e+00", "a1": "-7.970e-01", "a2": "5.554e-01"}, {"b0": "1.000e+00", "b1": "0.000e+00", "b2": "0.000e+00", "a0": "1.000e+00", "a1": "3.011e-01", "a2": "6.391e-01"}, {"b0": "1.000e+00", "b1": "0.000e+00", "b2": "0.000e+00", "a0": "1.000e+00", "a1": "-1.594e+00", "a2": "7.534e-01"}]}, {"level": "6.024e-02", "delay": "4.483e-02", "position": {"az": "223.0", "el": "13.0", "refdist": "1.0"}, "biquadsos": [{"b0": "6.912e-01", "b1": "0.000e+00", "b2": "0.000e+00", "a0": "1.000e+00", "a1": "-6.448e-01", "a2": "3.565e-01"}, {"b0": "1.000e+00", "b1": "0.000e+00", "b2": "0.000e+00", "a0": "1.000e+00", "a1": "1.543e-02", "a2": "6.580e-01"}, {"b0": "1.000e+00", "b1": "0.000e+00", "b2": "0.000e+00", "a0": "1.000e+00", "a1": "1.411e+00", "a2": "6.911e-01"}, {"b0": "1.000e+00", "b1": "0.000e+00", "b2": "0.000e+00", "a0": "1.000e+00", "a1": "-1.604e+00", "a2": "7.479e-01"}]}, {"level": "5.209e-02", "delay": "4.821e-02", "position": {"az": "53.0", "el": "1.0", "refdist": "1.0"}, "biquadsos": [{"b0": "7.121e-01", "b1": "0.000e+00", "b2": "0.000e+00", "a0": "1.000e+00", "a1": "4.322e-03", "a2": "5.475e-01"}, {"b0": "1.000e+00", "b1": "0.000e+00", "b2": "0.000e+00", "a0": "1.000e+00", "a1": "1.366e+00", "a2": "7.288e-01"}, {"b0": "1.000e+00", "b1": "0.000e+00", "b2": "0.000e+00", "a0": "1.000e+00", "a1": "-1.229e+00", "a2": "7.547e-01"}, {"b0": "1.000e+00", "b1": "0.000e+00", "b2": "0.000e+00", "a0": "1.000e+00", "a1": "-9.212e-01", "a2": "4.060e-02"}]}, {"level": "4.154e-02", "delay": "5.092e-02", "position": {"az": "254.0", "el": "30.0", "refdist": "1.0"}, "biquadsos": [{"b0": "7.116e-01", "b1": "0.000e+00", "b2": "0.000e+00", "a0": "1.000e+00", "a1": "9.778e-01", "a2": "4.465e-01"}, {"b0": "1.000e+00", "b1": "0.000e+00", "b2": "0.000e+00", "a0": "1.000e+00", "a1": "-1.275e-01", "a2": "4.924e-01"}, {"b0": "1.000e+00", "b1": "0.000e+00", "b2": "0.000e+00", "a0": "1.000e+00", "a1": "-9.918e-01", "a2": "5.594e-01"}, {"b0": "1.000e+00", "b1": "0.000e+00", "b2": "0.000e+00", "a0": "1.000e+00", "a1": "-7.465e-01", "a2": "-9.866e-02"}]}, {"level": "3.991e-02", "delay": "5.287e-02", "position": {"az": "208.0", "el": "5.0", "refdist": "1.0"}, "biquadsos": [{"b0": "7.320e-01", "b1": "0.000e+00", "b2": "0.000e+00", "a0": "1.000e+00", "a1": "1.344e+00", "a2": "5.963e-01"}, {"b0": "1.000e+00", "b1": "0.000e+00", "b2": "0.000e+00", "a0": "1.000e+00", "a1": "3.827e-01", "a2": "6.144e-01"}, {"b0": "1.000e+00", "b1": "0.000e+00", "b2": "0.000e+00", "a0": "1.000e+00", "a1": "-9.333e-01", "a2": "7.141e-01"}, {"b0": "1.000e+00", "b1": "0.000e+00", "b2": "0.000e+00", "a0": "1.000e+00", "a1": "-1.572e+00", "a2": "7.333e-01"}]}, {"level": "3.907e-02", "delay": "5.596e-02", "position": {"az": "353.0", "el": "5.0", "refdist": "1.0"}, "biquadsos": [{"b0": "5.870e-01", "b1": "0.000e+00", "b2": "0.000e+00", "a0": "1.000e+00", "a1": "1.168e+00", "a2": "5.324e-01"}, {"b0": "1.000e+00", "b1": "0.000e+00", "b2": "0.000e+00", "a0": "1.000e+00", "a1": "3.026e-01", "a2": "7.151e-01"}, {"b0": "1.000e+00", "b1": "0.000e+00", "b2": "0.000e+00", "a0": "1.000e+00", "a1": "-1.328e+00", "a2": "3.855e-01"}, {"b0": "1.000e+00", "b1": "0.000e+00", "b2": "0.000e+00", "a0": "1.000e+00", "a1": "-1.075e+00", "a2": "8.890e-01"}]}, {"level": "2.502e-02", "delay": "6.037e-02", "position": {"az": "111.0", "el": "-13.0", "refdist": "1.0"}, "biquadsos": [{"b0": "7.401e-01", "b1": "0.000e+00", "b2": "0.000e+00", "a0": "1.000e+00", "a1": "-3.708e-02", "a2": "-5.336e-01"}, {"b0": "1.000e+00", "b1": "0.000e+00", "b2": "0.000e+00", "a0": "1.000e+00", "a1": "-4.011e-01", "a2": "5.837e-01"}, {"b0": "1.000e+00", "b1": "0.000e+00", "b2": "0.000e+00", "a0": "1.000e+00", "a1": "9.921e-01", "a2": "6.359e-01"}, {"b0": "1.000e+00", "b1": "0.000e+00", "b2": "0.000e+00", "a0": "1.000e+00", "a1": "-1.324e+00", "a2": "6.905e-01"}]}, {"level": "5.821e-02", "delay": "6.415e-02", "position": {"az": "70.0", "el": "20.0", "refdist": "1.0"}, "biquadsos": [{"b0": "5.875e-01", "b1": "0.000e+00", "b2": "0.000e+00", "a0": "1.000e+00", "a1": "-4.328e-01", "a2": "1.077e-01"}, {"b0": "1.000e+00", "b1": "0.000e+00", "b2": "0.000e+00", "a0": "1.000e+00", "a1": "-3.139e-01", "a2": "5.704e-01"}, {"b0": "1.000e+00", "b1": "0.000e+00", "b2": "0.000e+00", "a0": "1.000e+00", "a1": "1.161e+00", "a2": "6.334e-01"}, {"b0": "1.000e+00", "b1": "0.000e+00", "b2": "0.000e+00", "a0": "1.000e+00", "a1": "-1.490e+00", "a2": "7.630e-01"}]}, {"level": "4.201e-02", "delay": "6.606e-02", "position": {"az": "250.0", "el": "-4.0", "refdist": "1.0"}, "biquadsos": [{"b0": "5.012e-01", "b1": "0.000e+00", "b2": "0.000e+00", "a0": "1.000e+00", "a1": "-1.386e+00", "a2": "5.844e-01"}, {"b0": "1.000e+00", "b1": "0.000e+00", "b2": "0.000e+00", "a0": "1.000e+00", "a1": "1.292e-01", "a2": "6.606e-01"}, {"b0": "1.000e+00", "b1": "0.000e+00", "b2": "0.000e+00", "a0": "1.000e+00", "a1": "1.396e+00", "a2": "7.605e-01"}, {"b0": "1.000e+00", "b1": "0.000e+00", "b2": "0.000e+00", "a0": "1.000e+00", "a1": "-1.280e+00", "a2": "8.144e-01"}]}], "lreverb": {"delay": "1.979e-03", "level": "1.19e-02, 3.41e-02, 6.13e-02, 4.50e-02, 3.20e-02, 3.18e-02, 1.76e-02, 1.49e-02, 8.04e-03", "attacktime": "3.05e-02, 3.05e-02, 3.05e-02, 3.05e-02, 3.05e-02, 3.05e-02, 3.05e-02, 3.05e-02, 3.05e-02", "decayconst": "-3.84e+01, -1.98e+01, -2.79e+01, -2.68e+01, -2.80e+01, -2.77e+01, -2.62e+01, -2.49e+01, -4.02e+01"}}}