{"name": "testroom", "type": "pointreverb", "id": 0, "channels": 0, "priority": 0, "level": 1.0, "position": {"az": "330.00", "el": "-50.00", "radius": "1.00"}, "room": {"ereflect": [{"level": "2.614e-01", "delay": "3.375e-03", "position": {"az": "333.0", "el": "-46.0", "refdist": "1.0"}, "biquadsos": [{"b0": "5.353e-01", "b1": "0.000e+00", "b2": "0.000e+00", "a0": "1.000e+00", "a1": "-1.230e+00", "a2": "5.557e-01"}, {"b0": "1.000e+00", "b1": "0.000e+00", "b2": "0.000e+00", "a0": "1.000e+00", "a1": "-8.091e-01", "a2": "5.836e-03"}, {"b0": "1.000e+00", "b1": "0.000e+00", "b2": "0.000e+00", "a0": "1.000e+00", "a1": "-1.261e-01", "a2": "6.761e-01"}, {"b0": "1.000e+00", "b1": "0.000e+00", "b2": "0.000e+00", "a0": "1.000e+00", "a1": "7.724e-01", "a2": "7.898e-01"}]}, {"level": "7.783e-02", "delay": "6.917e-03", "position": {"az": "332.0", "el": "37.0", "refdist": "1.0"}, "biquadsos": [{"b0": "6.671e-01", "b1": "0.000e+00", "b2": "0.000e+00", "a0": "1.000e+00", "a1": "-6.423e-01", "a2": "4.815e-01"}, {"b0": "1.000e+00", "b1": "0.000e+00", "b2": "0.000e+00", "a0": "1.000e+00", "a1": "-1.470e+00", "a2": "6.098e-01"}, {"b0": "1.000e+00", "b1": "0.000e+00", "b2": "0.000e+00", "a0": "1.000e+00", "a1": "2.593e-01", "a2": "6.951e-01"}, {"b0": "1.000e+00", "b1": "0.000e+00", "b2": "0.000e+00", "a0": "1.000e+00", "a1": "1.189e+00", "a2": "9.117e-01"}]}, {"level": "4.383e-02", "delay": "1.169e-02", "position": {"az": "329.0", "el": "-48.0", "refdist": "1.0"}, "biquadsos": [{"b0": "7.382e-01", "b1": "0.000e+00", "b2": "0.000e+00", "a0": "1.000e+00", "a1": "-1.140e+00", "a2": "6.238e-01"}, {"b0": "1.000e+00", "b1": "0.000e+00", "b2": "0.000e+00", "a0": "1.000e+00", "a1": "-9.592e-01", "a2": "1.127e-01"}, {"b0": "1.000e+00", "b1": "0.000e+00", "b2": "0.000e+00", "a0": "1.000e+00", "a1": "2.063e-01", "a2": "7.334e-01"}, {"b0": "1.000e+00", "b1": "0.000e+00", "b2": "0.000e+00", "a0": "1.000e+00", "a1": "1.131e+00", "a2": "7.692e-01"}]}, {"level": "2.436e-02", "delay": "1.887e-02", "position": {"az": "330.0", "el": "52.0", "refdist": "1.0"}, "biquadsos": [{"b0": "6.720e-01", "b1": "0.000e+00", "b2": "0.000e+00", "a0": "1.000e+00", "a1": "-7.851e-01", "a2": "4.596e-01"}, {"b0": "1.000e+00", "b1": "0.000e+00", "b2": "0.000e+00", "a0": "1.000e+00", "a1": "-1.344e+00", "a2": "5.551e-01"}, {"b0": "1.000e+00", "b1": "0.000e+00", "b2": "0.000e+00", "a0": "1.000e+00", "a1": "8.600e-01", "a2": "5.974e-01"}, {"b0": "1.000e+00", "b1": "0.000e+00", "b2": "0.000e+00", "a0": "1.000e+00", "a1": "4.340e-01", "a2": "7.435e-01"}]}, {"level": "2.964e-02", "delay": "2.092e-02", "position": {"az": "336.0", "el": "22.0", "refdist": "1.0"}, "biquadsos": [{"b0": "6.359e-01", "b1": "0.000e+00", "b2": "0.000e+00", "a0": "1.000e+00", "a1": "-1.164e+00", "a2": "5.493e-01"}, {"b0": "1.000e+00", "b1": "0.000e+00", "b2": "0.000e+00", "a0": "1.000e+00", "a1": "-7.776e-01", "a2": "-7.281e-02"}, {"b0": "1.000e+00", "b1": "0.000e+00", "b2": "0.000e+00", "a0": "1.000e+00", "a1": "1.006e+00", "a2": "7.443e-01"}, {"b0": "1.000e+00", "b1": "0.000e+00", "b2": "0.000e+00", "a0": "1.000e+00", "a1": "-9.616e-02", "a2": "7.822e-01"}]}, {"level": "2.644e-02", "delay": "2.388e-02", "position": {"az": "336.0", "el": "-3.0", "refdist": "1.0"}, "biquadsos": [{"b0": "5.879e-01", "b1": "0.000e+00", "b2": "0.000e+00", "a0": "1.000e+00", "a1": "-9.272e-01", "a2": "5.321e-01"}, {"b0": "1.000e+00", "b1": "0.000e+00", "b2": "0.000e+00", "a0": "1.000e+00", "a1": "-1.547e+00", "a2": "6.625e-01"}, {"b0": "1.000e+00", "b1": "0.000e+00", "b2": "0.000e+00", "a0": "1.000e+00", "a1": "1.112e+00", "a2": "7.631e-01"}, {"b0": "1.000e+00", "b1": "0.000e+00", "b2": "0.000e+00", "a0": "1.000e+00", "a1": "1.306e-01", "a2": "7.931e-01"}]}, {"level": "3.398e-02", "delay": "3.023e-02", "position": {"az": "335.0", "el": "-5.0", "refdist": "1.0"}, "biquadsos": [{"b0": "5.426e-01", "b1": "0.000e+00", "b2": "0.000e+00", "a0": "1.000e+00", "a1": "5.376e-03", "a2": "7.001e-01"}, {"b0": "1.000e+00", "b1": "0.000e+00", "b2": "0.000e+00", "a0": "1.000e+00", "a1": "-1.291e+00", "a2": "7.110e-01"}, {"b0": "1.000e+00", "b1": "0.000e+00", "b2": "0.000e+00", "a0": "1.000e+00", "a1": "-1.167e+00", "a2": "2.699e-01"}, {"b0": "1.000e+00", "b1": "0.000e+00", "b2": "0.000e+00", "a0": "1.000e+00", "a1": "1.196e+00", "a2": "7.225e-01"}]}, {"level": "3.532e-02", "delay": "3.381e-02", "position": {"az": "339.0", "el": "-3.0", "refdist": "1.0"}, "biquadsos": [{"b0": "4.326e-01", "b1": "0.000e+00", "b2": "0.000e+00", "a0": "1.000e+00", "a1": "-1.514e-01", "a2": "5.615e-01"}, {"b0": "1.000e+00", "b1": "0.000e+00", "b2": "0.000e+00", "a0": "1.000e+00", "a1": "-1.210e+00", "a2": "6.312e-01"}, {"b0": "1.000e+00", "b1": "0.000e+00", "b2": "0.000e+00", "a0": "1.000e+00", "a1": "1.078e+00", "a2": "7.403e-01"}, {"b0": "1.000e+00", "b1": "0.000e+00", "b2": "0.000e+00", "a0": "1.000e+00", "a1": "-1.090e+00", "a2": "1.479e-01"}]}, {"level": "2.458e-02", "delay": "3.815e-02", "position": {"az": "339.0", "el": "24.0", "refdist": "1.0"}, "biquadsos": [{"b0": "5.673e-01", "b1": "0.000e+00", "b2": "0.000e+00", "a0": "1.000e+00", "a1": "1.163e+00", "a2": "6.165e-01"}, {"b0": "1.000e+00", "b1": "0.000e+00", "b2": "0.000e+00", "a0": "1.000e+00", "a1": "-1.578e+00", "a2": "6.497e-01"}, {"b0": "1.000e+00", "b1": "0.000e+00", "b2": "0.000e+00", "a0": "1.000e+00", "a1": "-1.110e+00", "a2": "7.620e-01"}, {"b0": "1.000e+00", "b1": "0.000e+00", "b2": "0.000e+00", "a0": "1.000e+00", "a1": "3.156e-01", "a2": "8.176e-01"}]}, {"level": "1.853e-02", "delay": "3.952e-02", "position": {"az": "340.0", "el": "48.0", "refdist": "1.0"}, "biquadsos": [{"b0": "6.245e-01", "b1": "0.000e+00", "b2": "0.000e+00", "a0": "1.000e+00", "a1": "8.043e-01", "a2": "5.396e-01"}, {"b0": "1.000e+00", "b1": "0.000e+00", "b2": "0.000e+00", "a0": "1.000e+00", "a1": "4.091e-01", "a2": "5.825e-01"}, {"b0": "1.000e+00", "b1": "0.000e+00", "b2": "0.000e+00", "a0": "1.000e+00", "a1": "-1.183e+00", "a2": "7.983e-01"}, {"b0": "1.000e+00", "b1": "0.000e+00", "b2": "0.000e+00", "a0": "1.000e+00", "a1": "-1.026e+00", "a2": "1.010e-01"}]}, {"level": "2.461e-02", "delay": "4.558e-02", "position": {"az": "329.0", "el": "-21.0", "refdist": "1.0"}, "biquadsos": [{"b0": "5.005e-01", "b1": "0.000e+00", "b2": "0.000e+00", "a0": "1.000e+00", "a1": "-9.717e-01", "a2": "6.298e-01"}, {"b0": "1.000e+00", "b1": "0.000e+00", "b2": "0.000e+00", "a0": "1.000e+00", "a1": "-1.594e+00", "a2": "6.571e-01"}, {"b0": "1.000e+00", "b1": "0.000e+00", "b2": "0.000e+00", "a0": "1.000e+00", "a1": "-1.423e-02", "a2": "7.386e-01"}, {"b0": "1.000e+00", "b1": "0.000e+00", "b2": "0.000e+00", "a0": "1.000e+00", "a1": "1.151e+00", "a2": "7.714e-01"}]}, {"level": "1.004e-01", "delay": "4.915e-02", "position": {"az": "338.0", "el": "52.0", "refdist": "1.0"}, "biquadsos": [{"b0": "4.133e-01", "b1": "0.000e+00", "b2": "0.000e+00", "a0": "1.000e+00", "a1": "-1.145e+00", "a2": "5.936e-01"}, {"b0": "1.000e+00", "b1": "0.000e+00", "b2": "0.000e+00", "a0": "1.000e+00", "a1": "-1.630e+00", "a2": "7.415e-01"}, {"b0": "1.000e+00", "b1": "0.000e+00", "b2": "0.000e+00", "a0": "1.000e+00", "a1": "8.489e-02", "a2": "7.726e-01"}, {"b0": "1.000e+00", "b1": "0.000e+00", "b2": "0.000e+00", "a0": "1.000e+00", "a1": "1.085e+00", "a2": "8.970e-01"}]}, {"level": "4.865e-02", "delay": "5.335e-02", "position": {"az": "337.0", "el": "43.0", "refdist": "1.0"}, "biquadsos": [{"b0": "5.503e-01", "b1": "0.000e+00", "b2": "0.000e+00", "a0": "1.000e+00", "a1": "2.883e-01", "a2": "2.581e-01"}, {"b0": "1.000e+00", "b1": "0.000e+00", "b2": "0.000e+00", "a0": "1.000e+00", "a1": "8.372e-01", "a2": "5.036e-01"}, {"b0": "1.000e+00", "b1": "0.000e+00", "b2": "0.000e+00", "a0": "1.000e+00", "a1": "-1.032e+00", "a2": "2.223e-01"}, {"b0": "1.000e+00", "b1": "0.000e+00", "b2": "0.000e+00", "a0": "1.000e+00", "a1": "-1.249e+00", "a2": "6.683e-01"}]}, {"level": "3.187e-02", "delay": "5.638e-02", "position": {"az": "339.0", "el": "7.0", "refdist": "1.0"}, "biquadsos": [{"b0": "5.462e-01", "b1": "0.000e+00", "b2": "0.000e+00", "a0": "1.000e+00", "a1": "1.434e-01", "a2": "4.039e-01"}, {"b0": "1.000e+00", "b1": "0.000e+00", "b2": "0.000e+00", "a0": "1.000e+00", "a1": "8.517e-01", "a2": "6.483e-01"}, {"b0": "1.000e+00", "b1": "0.000e+00", "b2": "0.000e+00", "a0": "1.000e+00", "a1": "-1.267e+00", "a2": "7.929e-01"}, {"b0": "1.000e+00", "b1": "0.000e+00", "b2": "0.000e+00", "a0": "1.000e+00", "a1": "-7.935e-01", "a2": "-1.452e-01"}]}, {"level": "3.625e-02", "delay": "6.004e-02", "position": {"az": "333.0", "el": "36.0", "refdist": "1.0"}, "biquadsos": [{"b0": "5.063e-01", "b1": "0.000e+00", "b2": "0.000e+00", "a0": "1.000e+00", "a1": "-1.702e-01", "a2": "5.855e-01"}, {"b0": "1.000e+00", "b1": "0.000e+00", "b2": "0.000e+00", "a0": "1.000e+00", "a1": "7.933e-01", "a2": "5.960e-01"}, {"b0": "1.000e+00", "b1": "0.000e+00", "b2": "0.000e+00", "a0": "1.000e+00", "a1": "-5.235e-01", "a2": "-2.396e-01"}, {"b0": "1.000e+00", "b1": "0.000e+00", "b2": "0.000e+00", "a0": "1.000e+00", "a1": "-1.442e+00", "a2": "7.365e-01"}]}, {"level": "8.789e-02", "delay": "6.221e-02", "position": {"az": "339.0", "el": "42.0", "refdist": "1.0"}, "biquadsos": [{"b0": "6.066e-01", "b1": "0.000e+00", "b2": "0.000e+00", "a0": "1.000e+00", "a1": "-9.961e-01", "a2": "2.985e-01"}, {"b0": "1.000e+00", "b1": "0.000e+00", "b2": "0.000e+00", "a0": "1.000e+00", "a1": "2.929e-01", "a2": "6.754e-01"}, {"b0": "1.000e+00", "b1": "0.000e+00", "b2": "0.000e+00", "a0": "1.000e+00", "a1": "1.180e+00", "a2": "7.661e-01"}, {"b0": "1.000e+00", "b1": "0.000e+00", "b2": "0.000e+00", "a0": "1.000e+00", "a1": "-1.370e+00", "a2": "8.241e-01"}]}], "lreverb": {"delay": "3.375e-03", "level": "1.45e-02, 1.78e-02, 2.70e-02, 1.50e-02, 1.11e-02, 6.59e-03, 7.85e-03, 5.73e-03, 1.38e-03", "attacktime": "2.41e-02, 2.41e-02, 2.41e-02, 2.41e-02, 2.41e-02, 2.41e-02, 2.41e-02, 2.41e-02, 2.41e-02", "decayconst": "-8.25e-01, -9.05e+00, -8.08e+00, -6.06e+00, -6.91e+00, -6.09e+00, -5.70e+00, -6.08e+00, -7.32e-01"}}}