{"name": "testroom", "type": "pointreverb", "id": 0, "channels": 0, "priority": 0, "level": 1.0, "position": {"az": "5.00", "el": "1.00", "radius": "1.00"}, "room": {"ereflect": [{"level": "1.499e-01", "delay": "3.042e-03", "position": {"az": "344.0", "el": "-15.0", "refdist": "1.0"}, "biquadsos": [{"b0": "5.993e-01", "b1": "0.000e+00", "b2": "0.000e+00", "a0": "1.000e+00", "a1": "-1.527e+00", "a2": "5.930e-01"}, {"b0": "1.000e+00", "b1": "0.000e+00", "b2": "0.000e+00", "a0": "1.000e+00", "a1": "-9.917e-01", "a2": "6.483e-01"}, {"b0": "1.000e+00", "b1": "0.000e+00", "b2": "0.000e+00", "a0": "1.000e+00", "a1": "1.372e+00", "a2": "6.652e-01"}, {"b0": "1.000e+00", "b1": "0.000e+00", "b2": "0.000e+00", "a0": "1.000e+00", "a1": "6.837e-02", "a2": "7.403e-01"}]}, {"level": "1.457e-01", "delay": "5.979e-03", "position": {"az": "14.0", "el": "16.0", "refdist": "1.0"}, "biquadsos": [{"b0": "7.833e-01", "b1": "0.000e+00", "b2": "0.000e+00", "a0": "1.000e+00", "a1": "-8.810e-01", "a2": "4.362e-01"}, {"b0": "1.000e+00", "b1": "0.000e+00", "b2": "0.000e+00", "a0": "1.000e+00", "a1": "-1.651e-01", "a2": "7.628e-01"}, {"b0": "1.000e+00", "b1": "0.000e+00", "b2": "0.000e+00", "a0": "1.000e+00", "a1": "-9.847e-01", "a2": "8.400e-02"}, {"b0": "1.000e+00", "b1": "0.000e+00", "b2": "0.000e+00", "a0": "1.000e+00", "a1": "1.537e+00", "a2": "8.142e-01"}]}, {"level": "5.492e-02", "delay": "8.792e-03", "position": {"az": "4.0", "el": "7.0", "refdist": "1.0"}, "biquadsos": [{"b0": "6.526e-01", "b1": "0.000e+00", "b2": "0.000e+00", "a0": "1.000e+00", "a1": "-2.218e-01", "a2": "6.068e-02"}, {"b0": "1.000e+00", "b1": "0.000e+00", "b2": "0.000e+00", "a0": "1.000e+00", "a1": "8.088e-01", "a2": "5.658e-01"}, {"b0": "1.000e+00", "b1": "0.000e+00", "b2": "0.000e+00", "a0": "1.000e+00", "a1": "-9.472e-01", "a2": "6.790e-01"}, {"b0": "1.000e+00", "b1": "0.000e+00", "b2": "0.000e+00", "a0": "1.000e+00", "a1": "-3.951e-01", "a2": "-4.929e-01"}]}, {"level": "6.932e-02", "delay": "1.213e-02", "position": {"az": "12.0", "el": "8.0", "refdist": "1.0"}, "biquadsos": [{"b0": "6.709e-01", "b1": "0.000e+00", "b2": "0.000e+00", "a0": "1.000e+00", "a1": "-7.730e-02", "a2": "4.558e-01"}, {"b0": "1.000e+00", "b1": "0.000e+00", "b2": "0.000e+00", "a0": "1.000e+00", "a1": "-4.137e-01", "a2": "-1.870e-01"}, {"b0": "1.000e+00", "b1": "0.000e+00", "b2": "0.000e+00", "a0": "1.000e+00", "a1": "1.053e+00", "a2": "5.932e-01"}, {"b0": "1.000e+00", "b1": "0.000e+00", "b2": "0.000e+00", "a0": "1.000e+00", "a1": "-1.368e+00", "a2": "5.975e-01"}]}, {"level": "9.560e-02", "delay": "1.475e-02", "position": {"az": "182.0", "el": "1.0", "refdist": "1.0"}, "biquadsos": [{"b0": "7.528e-01", "b1": "0.000e+00", "b2": "0.000e+00", "a0": "1.000e+00", "a1": "3.536e-01", "a2": "3.436e-01"}, {"b0": "1.000e+00", "b1": "0.000e+00", "b2": "0.000e+00", "a0": "1.000e+00", "a1": "-1.382e+00", "a2": "5.109e-01"}, {"b0": "1.000e+00", "b1": "0.000e+00", "b2": "0.000e+00", "a0": "1.000e+00", "a1": "-8.693e-01", "a2": "6.870e-01"}, {"b0": "1.000e+00", "b1": "0.000e+00", "b2": "0.000e+00", "a0": "1.000e+00", "a1": "1.111e+00", "a2": "7.270e-01"}]}, {"level": "6.304e-02", "delay": "1.935e-02", "position": {"az": "9.0", "el": "3.0", "refdist": "1.0"}, "biquadsos": [{"b0": "4.333e-01", "b1": "0.000e+00", "b2": "0.000e+00", "a0": "1.000e+00", "a1": "-1.197e+00", "a2": "5.837e-01"}, {"b0": "1.000e+00", "b1": "0.000e+00", "b2": "0.000e+00", "a0": "1.000e+00", "a1": "-1.951e-01", "a2": "7.359e-01"}, {"b0": "1.000e+00", "b1": "0.000e+00", "b2": "0.000e+00", "a0": "1.000e+00", "a1": "1.415e+00", "a2": "7.542e-01"}, {"b0": "1.000e+00", "b1": "0.000e+00", "b2": "0.000e+00", "a0": "1.000e+00", "a1": "-8.472e-01", "a2": "-1.254e-01"}]}, {"level": "4.964e-02", "delay": "2.167e-02", "position": {"az": "176.0", "el": "2.0", "refdist": "1.0"}, "biquadsos": [{"b0": "7.541e-01", "b1": "0.000e+00", "b2": "0.000e+00", "a0": "1.000e+00", "a1": "-2.886e-01", "a2": "-3.062e-01"}, {"b0": "1.000e+00", "b1": "0.000e+00", "b2": "0.000e+00", "a0": "1.000e+00", "a1": "1.236e+00", "a2": "5.538e-01"}, {"b0": "1.000e+00", "b1": "0.000e+00", "b2": "0.000e+00", "a0": "1.000e+00", "a1": "-1.393e+00", "a2": "7.339e-01"}, {"b0": "1.000e+00", "b1": "0.000e+00", "b2": "0.000e+00", "a0": "1.000e+00", "a1": "-2.467e-01", "a2": "8.079e-01"}]}, {"level": "4.285e-02", "delay": "2.594e-02", "position": {"az": "156.0", "el": "2.0", "refdist": "1.0"}, "biquadsos": [{"b0": "7.273e-01", "b1": "0.000e+00", "b2": "0.000e+00", "a0": "1.000e+00", "a1": "-1.200e+00", "a2": "3.538e-01"}, {"b0": "1.000e+00", "b1": "0.000e+00", "b2": "0.000e+00", "a0": "1.000e+00", "a1": "1.128e+00", "a2": "5.730e-01"}, {"b0": "1.000e+00", "b1": "0.000e+00", "b2": "0.000e+00", "a0": "1.000e+00", "a1": "1.805e-01", "a2": "6.187e-01"}, {"b0": "1.000e+00", "b1": "0.000e+00", "b2": "0.000e+00", "a0": "1.000e+00", "a1": "-1.003e+00", "a2": "6.812e-01"}]}, {"level": "4.337e-02", "delay": "2.817e-02", "position": {"az": "186.0", "el": "2.0", "refdist": "1.0"}, "biquadsos": [{"b0": "5.623e-01", "b1": "0.000e+00", "b2": "0.000e+00", "a0": "1.000e+00", "a1": "-1.623e+00", "a2": "6.599e-01"}, {"b0": "1.000e+00", "b1": "0.000e+00", "b2": "0.000e+00", "a0": "1.000e+00", "a1": "1.317e+00", "a2": "6.602e-01"}, {"b0": "1.000e+00", "b1": "0.000e+00", "b2": "0.000e+00", "a0": "1.000e+00", "a1": "3.400e-01", "a2": "6.899e-01"}, {"b0": "1.000e+00", "b1": "0.000e+00", "b2": "0.000e+00", "a0": "1.000e+00", "a1": "-1.026e+00", "a2": "7.754e-01"}]}, {"level": "5.399e-02", "delay": "3.012e-02", "position": {"az": "353.0", "el": "-6.0", "refdist": "1.0"}, "biquadsos": [{"b0": "5.439e-01", "b1": "0.000e+00", "b2": "0.000e+00", "a0": "1.000e+00", "a1": "-7.383e-01", "a2": "4.985e-01"}, {"b0": "1.000e+00", "b1": "0.000e+00", "b2": "0.000e+00", "a0": "1.000e+00", "a1": "1.608e-01", "a2": "5.772e-01"}, {"b0": "1.000e+00", "b1": "0.000e+00", "b2": "0.000e+00", "a0": "1.000e+00", "a1": "1.167e+00", "a2": "5.885e-01"}, {"b0": "1.000e+00", "b1": "0.000e+00", "b2": "0.000e+00", "a0": "1.000e+00", "a1": "-1.602e+00", "a2": "6.481e-01"}]}, {"level": "4.237e-02", "delay": "3.181e-02", "position": {"az": "6.0", "el": "-7.0", "refdist": "1.0"}, "biquadsos": [{"b0": "5.195e-01", "b1": "0.000e+00", "b2": "0.000e+00", "a0": "1.000e+00", "a1": "1.135e+00", "a2": "7.024e-01"}, {"b0": "1.000e+00", "b1": "0.000e+00", "b2": "0.000e+00", "a0": "1.000e+00", "a1": "-1.377e+00", "a2": "7.218e-01"}, {"b0": "1.000e+00", "b1": "0.000e+00", "b2": "0.000e+00", "a0": "1.000e+00", "a1": "-2.235e-01", "a2": "7.378e-01"}, {"b0": "1.000e+00", "b1": "0.000e+00", "b2": "0.000e+00", "a0": "1.000e+00", "a1": "-5.102e-01", "a2": "-4.250e-01"}]}, {"level": "3.499e-02", "delay": "3.435e-02", "position": {"az": "7.0", "el": "0.0", "refdist": "1.0"}, "biquadsos": [{"b0": "5.742e-01", "b1": "0.000e+00", "b2": "0.000e+00", "a0": "1.000e+00", "a1": "-1.010e+00", "a2": "4.654e-01"}, {"b0": "1.000e+00", "b1": "0.000e+00", "b2": "0.000e+00", "a0": "1.000e+00", "a1": "-5.226e-01", "a2": "5.790e-01"}, {"b0": "1.000e+00", "b1": "0.000e+00", "b2": "0.000e+00", "a0": "1.000e+00", "a1": "9.330e-01", "a2": "6.000e-01"}, {"b0": "1.000e+00", "b1": "0.000e+00", "b2": "0.000e+00", "a0": "1.000e+00", "a1": "-4.276e-01", "a2": "-4.503e-01"}]}, {"level": "3.910e-02", "delay": "3.667e-02", "position": {"az": "12.0", "el": "-2.0", "refdist": "1.0"}, "biquadsos": [{"b0": "4.772e-01", "b1": "0.000e+00", "b2": "0.000e+00", "a0": "1.000e+00", "a1": "1.166e+00", "a2": "5.658e-01"}, {"b0": "1.000e+00", "b1": "0.000e+00", "b2": "0.000e+00", "a0": "1.000e+00", "a1": "1.450e-01", "a2": "5.693e-01"}, {"b0": "1.000e+00", "b1": "0.000e+00", "b2": "0.000e+00", "a0": "1.000e+00", "a1": "-9.146e-01", "a2": "6.134e-01"}, {"b0": "1.000e+00", "b1": "0.000e+00", "b2": "0.000e+00", "a0": "1.000e+00", "a1": "-1.381e+00", "a2": "4.050e-01"}]}, {"level": "2.481e-02", "delay": "3.862e-02", "position": {"az": "198.0", "el": "0.0", "refdist": "1.0"}, "biquadsos": [{"b0": "6.609e-01", "b1": "0.000e+00", "b2": "0.000e+00", "a0": "1.000e+00", "a1": "6.590e-02", "a2": "5.054e-01"}, {"b0": "1.000e+00", "b1": "0.000e+00", "b2": "0.000e+00", "a0": "1.000e+00", "a1": "-1.089e+00", "a2": "6.062e-01"}, {"b0": "1.000e+00", "b1": "0.000e+00", "b2": "0.000e+00", "a0": "1.000e+00", "a1": "1.306e+00", "a2": "6.239e-01"}, {"b0": "1.000e+00", "b1": "0.000e+00", "b2": "0.000e+00", "a0": "1.000e+00", "a1": "-1.077e+00", "a2": "1.564e-01"}]}, {"level": "2.994e-02", "delay": "4.231e-02", "position": {"az": "230.0", "el": "1.0", "refdist": "1.0"}, "biquadsos": [{"b0": "4.531e-01", "b1": "0.000e+00", "b2": "0.000e+00", "a0": "1.000e+00", "a1": "3.197e-01", "a2": "1.804e-01"}, {"b0": "1.000e+00", "b1": "0.000e+00", "b2": "0.000e+00", "a0": "1.000e+00", "a1": "8.727e-01", "a2": "4.927e-01"}, {"b0": "1.000e+00", "b1": "0.000e+00", "b2": "0.000e+00", "a0": "1.000e+00", "a1": "-9.415e-01", "a2": "6.400e-01"}, {"b0": "1.000e+00", "b1": "0.000e+00", "b2": "0.000e+00", "a0": "1.000e+00", "a1": "-1.338e+00", "a2": "3.739e-01"}]}], "lreverb": {"delay": "3.046e-03", "level": "4.40e-02, 4.25e-02, 1.91e-02, 2.44e-02, 1.77e-02, 2.13e-02, 1.72e-02, 1.27e-02, 1.75e-03", "attacktime": "2.49e-02, 2.49e-02, 2.49e-02, 2.49e-02, 2.49e-02, 2.49e-02, 2.49e-02, 2.49e-02, 2.49e-02", "decayconst": "-7.80e+01, -1.58e+02, -5.50e+01, -5.35e+01, -4.59e+01, -3.32e+01, -3.58e+01, -4.40e+01, -6.10e+01"}}}