{  
   "name":"testroom",
   "type":"pointreverb",
   "id":0,
   "channels":0,
   "priority":0,
   "level":1.0,
   "position":{  
      "az":"0.00",
      "el":"0.00",
      "radius":"1.00"
   },
   "room":{  
      "ereflect":[  
         {  
            "level":"1.251e-01",
            "delay":"3.854e-03",
            "position":{  
               "az":"358.0",
               "el":"-7.0",
               "refdist":"1.0"
            },
            "biquadsos":[  
               {  
                  "b0":"4.484e-01",
                  "b1":"0.000e+00",
                  "b2":"0.000e+00",
                  "a0":"1.000e+00",
                  "a1":"2.326e-01",
                  "a2":"4.162e-01"
               },
               {  
                  "b0":"1.000e+00",
                  "b1":"0.000e+00",
                  "b2":"0.000e+00",
                  "a0":"1.000e+00",
                  "a1":"-8.366e-01",
                  "a2":"5.927e-01"
               },
               {  
                  "b0":"1.000e+00",
                  "b1":"0.000e+00",
                  "b2":"0.000e+00",
                  "a0":"1.000e+00",
                  "a1":"1.454e+00",
                  "a2":"7.778e-01"
               },
               {  
                  "b0":"1.000e+00",
                  "b1":"0.000e+00",
                  "b2":"0.000e+00",
                  "a0":"1.000e+00",
                  "a1":"-1.665e+00",
                  "a2":"6.892e-01"
               }
            ]
         },
         {  
            "level":"1.448e-01",
            "delay":"6.083e-03",
            "position":{  
               "az":"183.0",
               "el":"-2.0",
               "refdist":"1.0"
            },
            "biquadsos":[  
               {  
                  "b0":"7.937e-01",
                  "b1":"0.000e+00",
                  "b2":"0.000e+00",
                  "a0":"1.000e+00",
                  "a1":"1.149e+00",
                  "a2":"4.242e-01"
               },
               {  
                  "b0":"1.000e+00",
                  "b1":"0.000e+00",
                  "b2":"0.000e+00",
                  "a0":"1.000e+00",
                  "a1":"3.831e-01",
                  "a2":"4.605e-01"
               },
               {  
                  "b0":"1.000e+00",
                  "b1":"0.000e+00",
                  "b2":"0.000e+00",
                  "a0":"1.000e+00",
                  "a1":"-6.453e-01",
                  "a2":"6.437e-01"
               },
               {  
                  "b0":"1.000e+00",
                  "b1":"0.000e+00",
                  "b2":"0.000e+00",
                  "a0":"1.000e+00",
                  "a1":"-1.522e+00",
                  "a2":"7.450e-01"
               }
            ]
         },
         {  
            "level":"6.403e-02",
            "delay":"1.000e-02",
            "position":{  
               "az":"342.0",
               "el":"32.0",
               "refdist":"1.0"
            },
            "biquadsos":[  
               {  
                  "b0":"7.403e-01",
                  "b1":"0.000e+00",
                  "b2":"0.000e+00",
                  "a0":"1.000e+00",
                  "a1":"6.003e-02",
                  "a2":"4.691e-01"
               },
               {  
                  "b0":"1.000e+00",
                  "b1":"0.000e+00",
                  "b2":"0.000e+00",
                  "a0":"1.000e+00",
                  "a1":"-1.120e+00",
                  "a2":"5.990e-01"
               },
               {  
                  "b0":"1.000e+00",
                  "b1":"0.000e+00",
                  "b2":"0.000e+00",
                  "a0":"1.000e+00",
                  "a1":"-9.982e-01",
                  "a2":"1.209e-01"
               },
               {  
                  "b0":"1.000e+00",
                  "b1":"0.000e+00",
                  "b2":"0.000e+00",
                  "a0":"1.000e+00",
                  "a1":"1.389e+00",
                  "a2":"7.487e-01"
               }
            ]
         },
         {  
            "level":"4.881e-02",
            "delay":"1.315e-02",
            "position":{  
               "az":"265.0",
               "el":"26.0",
               "refdist":"1.0"
            },
            "biquadsos":[  
               {  
                  "b0":"7.399e-01",
                  "b1":"0.000e+00",
                  "b2":"0.000e+00",
                  "a0":"1.000e+00",
                  "a1":"-9.142e-02",
                  "a2":"7.454e-01"
               },
               {  
                  "b0":"1.000e+00",
                  "b1":"0.000e+00",
                  "b2":"0.000e+00",
                  "a0":"1.000e+00",
                  "a1":"-1.083e+00",
                  "a2":"7.550e-01"
               },
               {  
                  "b0":"1.000e+00",
                  "b1":"0.000e+00",
                  "b2":"0.000e+00",
                  "a0":"1.000e+00",
                  "a1":"1.397e+00",
                  "a2":"8.396e-01"
               },
               {  
                  "b0":"1.000e+00",
                  "b1":"0.000e+00",
                  "b2":"0.000e+00",
                  "a0":"1.000e+00",
                  "a1":"-7.827e-01",
                  "a2":"-1.562e-01"
               }
            ]
         },
         {  
            "level":"8.542e-02",
            "delay":"1.544e-02",
            "position":{  
               "az":"183.0",
               "el":"1.0",
               "refdist":"1.0"
            },
            "biquadsos":[  
               {  
                  "b0":"6.656e-01",
                  "b1":"0.000e+00",
                  "b2":"0.000e+00",
                  "a0":"1.000e+00",
                  "a1":"1.674e-01",
                  "a2":"2.004e-01"
               },
               {  
                  "b0":"1.000e+00",
                  "b1":"0.000e+00",
                  "b2":"0.000e+00",
                  "a0":"1.000e+00",
                  "a1":"-1.523e+00",
                  "a2":"5.944e-01"
               },
               {  
                  "b0":"1.000e+00",
                  "b1":"0.000e+00",
                  "b2":"0.000e+00",
                  "a0":"1.000e+00",
                  "a1":"-7.891e-01",
                  "a2":"6.921e-01"
               },
               {  
                  "b0":"1.000e+00",
                  "b1":"0.000e+00",
                  "b2":"0.000e+00",
                  "a0":"1.000e+00",
                  "a1":"1.341e+00",
                  "a2":"7.180e-01"
               }
            ]
         },
         {  
            "level":"6.509e-02",
            "delay":"1.731e-02",
            "position":{  
               "az":"203.0",
               "el":"34.0",
               "refdist":"1.0"
            },
            "biquadsos":[  
               {  
                  "b0":"8.728e-01",
                  "b1":"0.000e+00",
                  "b2":"0.000e+00",
                  "a0":"1.000e+00",
                  "a1":"-1.696e-01",
                  "a2":"-2.589e-01"
               },
               {  
                  "b0":"1.000e+00",
                  "b1":"0.000e+00",
                  "b2":"0.000e+00",
                  "a0":"1.000e+00",
                  "a1":"1.145e+00",
                  "a2":"6.205e-01"
               },
               {  
                  "b0":"1.000e+00",
                  "b1":"0.000e+00",
                  "b2":"0.000e+00",
                  "a0":"1.000e+00",
                  "a1":"-1.351e+00",
                  "a2":"6.236e-01"
               },
               {  
                  "b0":"1.000e+00",
                  "b1":"0.000e+00",
                  "b2":"0.000e+00",
                  "a0":"1.000e+00",
                  "a1":"-9.907e-02",
                  "a2":"6.752e-01"
               }
            ]
         },
         {  
            "level":"5.201e-02",
            "delay":"2.235e-02",
            "position":{  
               "az":"195.0",
               "el":"5.0",
               "refdist":"1.0"
            },
            "biquadsos":[  
               {  
                  "b0":"7.333e-01",
                  "b1":"0.000e+00",
                  "b2":"0.000e+00",
                  "a0":"1.000e+00",
                  "a1":"-9.777e-01",
                  "a2":"6.403e-01"
               },
               {  
                  "b0":"1.000e+00",
                  "b1":"0.000e+00",
                  "b2":"0.000e+00",
                  "a0":"1.000e+00",
                  "a1":"4.014e-01",
                  "a2":"6.604e-01"
               },
               {  
                  "b0":"1.000e+00",
                  "b1":"0.000e+00",
                  "b2":"0.000e+00",
                  "a0":"1.000e+00",
                  "a1":"1.418e+00",
                  "a2":"7.486e-01"
               },
               {  
                  "b0":"1.000e+00",
                  "b1":"0.000e+00",
                  "b2":"0.000e+00",
                  "a0":"1.000e+00",
                  "a1":"-1.432e+00",
                  "a2":"4.846e-01"
               }
            ]
         },
         {  
            "level":"4.148e-02",
            "delay":"2.558e-02",
            "position":{  
               "az":"206.0",
               "el":"17.0",
               "refdist":"1.0"
            },
            "biquadsos":[  
               {  
                  "b0":"5.282e-01",
                  "b1":"0.000e+00",
                  "b2":"0.000e+00",
                  "a0":"1.000e+00",
                  "a1":"-1.120e+00",
                  "a2":"5.820e-01"
               },
               {  
                  "b0":"1.000e+00",
                  "b1":"0.000e+00",
                  "b2":"0.000e+00",
                  "a0":"1.000e+00",
                  "a1":"6.759e-03",
                  "a2":"6.329e-01"
               },
               {  
                  "b0":"1.000e+00",
                  "b1":"0.000e+00",
                  "b2":"0.000e+00",
                  "a0":"1.000e+00",
                  "a1":"1.327e+00",
                  "a2":"7.572e-01"
               },
               {  
                  "b0":"1.000e+00",
                  "b1":"0.000e+00",
                  "b2":"0.000e+00",
                  "a0":"1.000e+00",
                  "a1":"-9.901e-01",
                  "a2":"2.496e-02"
               }
            ]
         },
         {  
            "level":"4.570e-02",
            "delay":"3.006e-02",
            "position":{  
               "az":"4.0",
               "el":"-1.0",
               "refdist":"1.0"
            },
            "biquadsos":[  
               {  
                  "b0":"6.712e-01",
                  "b1":"0.000e+00",
                  "b2":"0.000e+00",
                  "a0":"1.000e+00",
                  "a1":"-6.575e-01",
                  "a2":"5.628e-01"
               },
               {  
                  "b0":"1.000e+00",
                  "b1":"0.000e+00",
                  "b2":"0.000e+00",
                  "a0":"1.000e+00",
                  "a1":"2.765e-01",
                  "a2":"6.431e-01"
               },
               {  
                  "b0":"1.000e+00",
                  "b1":"0.000e+00",
                  "b2":"0.000e+00",
                  "a0":"1.000e+00",
                  "a1":"1.333e+00",
                  "a2":"7.624e-01"
               },
               {  
                  "b0":"1.000e+00",
                  "b1":"0.000e+00",
                  "b2":"0.000e+00",
                  "a0":"1.000e+00",
                  "a1":"-1.721e+00",
                  "a2":"7.871e-01"
               }
            ]
         },
         {  
            "level":"4.312e-02",
            "delay":"3.240e-02",
            "position":{  
               "az":"350.0",
               "el":"2.0",
               "refdist":"1.0"
            },
            "biquadsos":[  
               {  
                  "b0":"7.455e-01",
                  "b1":"0.000e+00",
                  "b2":"0.000e+00",
                  "a0":"1.000e+00",
                  "a1":"-8.874e-01",
                  "a2":"5.391e-01"
               },
               {  
                  "b0":"1.000e+00",
                  "b1":"0.000e+00",
                  "b2":"0.000e+00",
                  "a0":"1.000e+00",
                  "a1":"1.136e-01",
                  "a2":"6.455e-01"
               },
               {  
                  "b0":"1.000e+00",
                  "b1":"0.000e+00",
                  "b2":"0.000e+00",
                  "a0":"1.000e+00",
                  "a1":"1.226e+00",
                  "a2":"6.792e-01"
               },
               {  
                  "b0":"1.000e+00",
                  "b1":"0.000e+00",
                  "b2":"0.000e+00",
                  "a0":"1.000e+00",
                  "a1":"-1.106e+00",
                  "a2":"1.729e-01"
               }
            ]
         },
         {  
            "level":"3.265e-02",
            "delay":"3.483e-02",
            "position":{  
               "az":"196.0",
               "el":"-6.0",
               "refdist":"1.0"
            },
            "biquadsos":[  
               {  
                  "b0":"4.846e-01",
                  "b1":"0.000e+00",
                  "b2":"0.000e+00",
                  "a0":"1.000e+00",
                  "a1":"7.516e-01",
                  "a2":"4.668e-01"
               },
               {  
                  "b0":"1.000e+00",
                  "b1":"0.000e+00",
                  "b2":"0.000e+00",
                  "a0":"1.000e+00",
                  "a1":"-4.785e-01",
                  "a2":"4.876e-01"
               },
               {  
                  "b0":"1.000e+00",
                  "b1":"0.000e+00",
                  "b2":"0.000e+00",
                  "a0":"1.000e+00",
                  "a1":"-8.627e-01",
                  "a2":"5.307e-01"
               },
               {  
                  "b0":"1.000e+00",
                  "b1":"0.000e+00",
                  "b2":"0.000e+00",
                  "a0":"1.000e+00",
                  "a1":"-4.726e-01",
                  "a2":"-4.759e-01"
               }
            ]
         },
         {  
            "level":"3.371e-02",
            "delay":"3.723e-02",
            "position":{  
               "az":"27.0",
               "el":"18.0",
               "refdist":"1.0"
            },
            "biquadsos":[  
               {  
                  "b0":"8.158e-01",
                  "b1":"0.000e+00",
                  "b2":"0.000e+00",
                  "a0":"1.000e+00",
                  "a1":"3.527e-01",
                  "a2":"2.414e-01"
               },
               {  
                  "b0":"1.000e+00",
                  "b1":"0.000e+00",
                  "b2":"0.000e+00",
                  "a0":"1.000e+00",
                  "a1":"1.402e+00",
                  "a2":"7.213e-01"
               },
               {  
                  "b0":"1.000e+00",
                  "b1":"0.000e+00",
                  "b2":"0.000e+00",
                  "a0":"1.000e+00",
                  "a1":"-1.044e+00",
                  "a2":"7.315e-01"
               },
               {  
                  "b0":"1.000e+00",
                  "b1":"0.000e+00",
                  "b2":"0.000e+00",
                  "a0":"1.000e+00",
                  "a1":"-1.002e+00",
                  "a2":"8.990e-02"
               }
            ]
         },
         {  
            "level":"3.132e-02",
            "delay":"3.938e-02",
            "position":{  
               "az":"205.0",
               "el":"5.0",
               "refdist":"1.0"
            },
            "biquadsos":[  
               {  
                  "b0":"4.670e-01",
                  "b1":"0.000e+00",
                  "b2":"0.000e+00",
                  "a0":"1.000e+00",
                  "a1":"-9.182e-01",
                  "a2":"6.384e-01"
               },
               {  
                  "b0":"1.000e+00",
                  "b1":"0.000e+00",
                  "b2":"0.000e+00",
                  "a0":"1.000e+00",
                  "a1":"1.257e+00",
                  "a2":"6.424e-01"
               },
               {  
                  "b0":"1.000e+00",
                  "b1":"0.000e+00",
                  "b2":"0.000e+00",
                  "a0":"1.000e+00",
                  "a1":"8.916e-02",
                  "a2":"7.376e-01"
               },
               {  
                  "b0":"1.000e+00",
                  "b1":"0.000e+00",
                  "b2":"0.000e+00",
                  "a0":"1.000e+00",
                  "a1":"-1.714e+00",
                  "a2":"7.609e-01"
               }
            ]
         },
         {  
            "level":"2.514e-02",
            "delay":"4.263e-02",
            "position":{  
               "az":"4.0",
               "el":"17.0",
               "refdist":"1.0"
            },
            "biquadsos":[  
               {  
                  "b0":"5.914e-01",
                  "b1":"0.000e+00",
                  "b2":"0.000e+00",
                  "a0":"1.000e+00",
                  "a1":"-3.223e-01",
                  "a2":"-1.889e-01"
               },
               {  
                  "b0":"1.000e+00",
                  "b1":"0.000e+00",
                  "b2":"0.000e+00",
                  "a0":"1.000e+00",
                  "a1":"1.042e+00",
                  "a2":"5.966e-01"
               },
               {  
                  "b0":"1.000e+00",
                  "b1":"0.000e+00",
                  "b2":"0.000e+00",
                  "a0":"1.000e+00",
                  "a1":"-1.426e+00",
                  "a2":"6.305e-01"
               },
               {  
                  "b0":"1.000e+00",
                  "b1":"0.000e+00",
                  "b2":"0.000e+00",
                  "a0":"1.000e+00",
                  "a1":"-4.011e-01",
                  "a2":"6.567e-01"
               }
            ]
         },
         {  
            "level":"2.426e-02",
            "delay":"4.560e-02",
            "position":{  
               "az":"355.0",
               "el":"11.0",
               "refdist":"1.0"
            },
            "biquadsos":[  
               {  
                  "b0":"5.223e-01",
                  "b1":"0.000e+00",
                  "b2":"0.000e+00",
                  "a0":"1.000e+00",
                  "a1":"-8.513e-01",
                  "a2":"3.584e-01"
               },
               {  
                  "b0":"1.000e+00",
                  "b1":"0.000e+00",
                  "b2":"0.000e+00",
                  "a0":"1.000e+00",
                  "a1":"1.352e+00",
                  "a2":"7.137e-01"
               },
               {  
                  "b0":"1.000e+00",
                  "b1":"0.000e+00",
                  "b2":"0.000e+00",
                  "a0":"1.000e+00",
                  "a1":"-2.587e-01",
                  "a2":"7.228e-01"
               },
               {  
                  "b0":"1.000e+00",
                  "b1":"0.000e+00",
                  "b2":"0.000e+00",
                  "a0":"1.000e+00",
                  "a1":"-1.174e+00",
                  "a2":"2.213e-01"
               }
            ]
         },
         {  
            "level":"2.979e-02",
            "delay":"4.838e-02",
            "position":{  
               "az":"173.0",
               "el":"5.0",
               "refdist":"1.0"
            },
            "biquadsos":[  
               {  
                  "b0":"6.245e-01",
                  "b1":"0.000e+00",
                  "b2":"0.000e+00",
                  "a0":"1.000e+00",
                  "a1":"2.393e-01",
                  "a2":"6.367e-01"
               },
               {  
                  "b0":"1.000e+00",
                  "b1":"0.000e+00",
                  "b2":"0.000e+00",
                  "a0":"1.000e+00",
                  "a1":"1.347e+00",
                  "a2":"6.700e-01"
               },
               {  
                  "b0":"1.000e+00",
                  "b1":"0.000e+00",
                  "b2":"0.000e+00",
                  "a0":"1.000e+00",
                  "a1":"-1.157e+00",
                  "a2":"7.620e-01"
               },
               {  
                  "b0":"1.000e+00",
                  "b1":"0.000e+00",
                  "b2":"0.000e+00",
                  "a0":"1.000e+00",
                  "a1":"-1.119e+00",
                  "a2":"1.515e-01"
               }
            ]
         },
         {  
            "level":"2.152e-02",
            "delay":"5.135e-02",
            "position":{  
               "az":"353.0",
               "el":"-4.0",
               "refdist":"1.0"
            },
            "biquadsos":[  
               {  
                  "b0":"5.323e-01",
                  "b1":"0.000e+00",
                  "b2":"0.000e+00",
                  "a0":"1.000e+00",
                  "a1":"-1.073e+00",
                  "a2":"6.072e-01"
               },
               {  
                  "b0":"1.000e+00",
                  "b1":"0.000e+00",
                  "b2":"0.000e+00",
                  "a0":"1.000e+00",
                  "a1":"1.388e+00",
                  "a2":"7.021e-01"
               },
               {  
                  "b0":"1.000e+00",
                  "b1":"0.000e+00",
                  "b2":"0.000e+00",
                  "a0":"1.000e+00",
                  "a1":"-1.845e-01",
                  "a2":"7.164e-01"
               },
               {  
                  "b0":"1.000e+00",
                  "b1":"0.000e+00",
                  "b2":"0.000e+00",
                  "a0":"1.000e+00",
                  "a1":"-1.100e+00",
                  "a2":"1.387e-01"
               }
            ]
         },
         {  
            "level":"1.596e-02",
            "delay":"5.352e-02",
            "position":{  
               "az":"216.0",
               "el":"-15.0",
               "refdist":"1.0"
            },
            "biquadsos":[  
               {  
                  "b0":"4.175e-01",
                  "b1":"0.000e+00",
                  "b2":"0.000e+00",
                  "a0":"1.000e+00",
                  "a1":"-2.975e-01",
                  "a2":"1.817e-01"
               },
               {  
                  "b0":"1.000e+00",
                  "b1":"0.000e+00",
                  "b2":"0.000e+00",
                  "a0":"1.000e+00",
                  "a1":"7.245e-01",
                  "a2":"5.931e-01"
               },
               {  
                  "b0":"1.000e+00",
                  "b1":"0.000e+00",
                  "b2":"0.000e+00",
                  "a0":"1.000e+00",
                  "a1":"-1.046e+00",
                  "a2":"5.961e-01"
               },
               {  
                  "b0":"1.000e+00",
                  "b1":"0.000e+00",
                  "b2":"0.000e+00",
                  "a0":"1.000e+00",
                  "a1":"-5.359e-01",
                  "a2":"-4.023e-01"
               }
            ]
         },
         {  
            "level":"1.519e-02",
            "delay":"5.763e-02",
            "position":{  
               "az":"348.0",
               "el":"-7.0",
               "refdist":"1.0"
            },
            "biquadsos":[  
               {  
                  "b0":"5.073e-01",
                  "b1":"0.000e+00",
                  "b2":"0.000e+00",
                  "a0":"1.000e+00",
                  "a1":"3.827e-02",
                  "a2":"4.383e-01"
               },
               {  
                  "b0":"1.000e+00",
                  "b1":"0.000e+00",
                  "b2":"0.000e+00",
                  "a0":"1.000e+00",
                  "a1":"-1.460e+00",
                  "a2":"5.421e-01"
               },
               {  
                  "b0":"1.000e+00",
                  "b1":"0.000e+00",
                  "b2":"0.000e+00",
                  "a0":"1.000e+00",
                  "a1":"1.140e+00",
                  "a2":"5.773e-01"
               },
               {  
                  "b0":"1.000e+00",
                  "b1":"0.000e+00",
                  "b2":"0.000e+00",
                  "a0":"1.000e+00",
                  "a1":"-9.799e-01",
                  "a2":"5.822e-01"
               }
            ]
         },
         {  
            "level":"1.327e-02",
            "delay":"6.104e-02",
            "position":{  
               "az":"345.0",
               "el":"55.0",
               "refdist":"1.0"
            },
            "biquadsos":[  
               {  
                  "b0":"5.185e-01",
                  "b1":"0.000e+00",
                  "b2":"0.000e+00",
                  "a0":"1.000e+00",
                  "a1":"8.731e-02",
                  "a2":"6.037e-01"
               },
               {  
                  "b0":"1.000e+00",
                  "b1":"0.000e+00",
                  "b2":"0.000e+00",
                  "a0":"1.000e+00",
                  "a1":"1.375e+00",
                  "a2":"6.872e-01"
               },
               {  
                  "b0":"1.000e+00",
                  "b1":"0.000e+00",
                  "b2":"0.000e+00",
                  "a0":"1.000e+00",
                  "a1":"-9.265e-01",
                  "a2":"7.501e-01"
               },
               {  
                  "b0":"1.000e+00",
                  "b1":"0.000e+00",
                  "b2":"0.000e+00",
                  "a0":"1.000e+00",
                  "a1":"-1.478e+00",
                  "a2":"5.006e-01"
               }
            ]
         }
      ],
      "lreverb":{  
         "delay":"3.868e-03",
         "level":"1.26e-02, 6.04e-02, 3.96e-02, 2.70e-02, 2.64e-02, 1.35e-02, 9.50e-03, 6.48e-03, 2.24e-03",
         "attacktime":"2.44e-02, 2.44e-02, 2.44e-02, 2.44e-02, 2.44e-02, 2.44e-02, 2.44e-02, 2.44e-02, 2.44e-02",
         "decayconst":"-5.95e+00, -5.54e+01, -2.22e+01, -2.53e+01, -3.95e+01, -3.30e+01, -3.01e+01, -3.40e+01, -5.02e+01"
      }
   }
}