{"name": "testroom", "type": "pointreverb", "id": 0, "channels": 0, "priority": 0, "level": 1.0, "position": {"az": "187.00", "el": "-12.00", "radius": "1.00"}, "room": {"ereflect": [{"level": "3.802e-01", "delay": "2.604e-03", "position": {"az": "178.0", "el": "5.0", "refdist": "1.0"}, "biquadsos": [{"b0": "1.519e-01", "b1": "0.000e+00", "b2": "0.000e+00", "a0": "1.000e+00", "a1": "5.457e-01", "a2": "-3.100e-02"}, {"b0": "1.000e+00", "b1": "0.000e+00", "b2": "0.000e+00", "a0": "1.000e+00", "a1": "-9.626e-01", "a2": "6.087e-01"}, {"b0": "1.000e+00", "b1": "0.000e+00", "b2": "0.000e+00", "a0": "1.000e+00", "a1": "-1.682e+00", "a2": "7.933e-01"}, {"b0": "1.000e+00", "b1": "0.000e+00", "b2": "0.000e+00", "a0": "1.000e+00", "a1": "-7.046e-01", "a2": "8.793e-01"}]}, {"level": "3.953e-01", "delay": "5.417e-03", "position": {"az": "205.0", "el": "-28.0", "refdist": "1.0"}, "biquadsos": [{"b0": "1.711e-01", "b1": "0.000e+00", "b2": "0.000e+00", "a0": "1.000e+00", "a1": "9.588e-01", "a2": "2.746e-01"}, {"b0": "1.000e+00", "b1": "0.000e+00", "b2": "0.000e+00", "a0": "1.000e+00", "a1": "-1.203e+00", "a2": "6.414e-01"}, {"b0": "1.000e+00", "b1": "0.000e+00", "b2": "0.000e+00", "a0": "1.000e+00", "a1": "-6.552e-01", "a2": "6.774e-01"}, {"b0": "1.000e+00", "b1": "0.000e+00", "b2": "0.000e+00", "a0": "1.000e+00", "a1": "-1.588e+00", "a2": "6.837e-01"}]}, {"level": "2.160e-01", "delay": "1.044e-02", "position": {"az": "114.0", "el": "47.0", "refdist": "1.0"}, "biquadsos": [{"b0": "2.150e-01", "b1": "0.000e+00", "b2": "0.000e+00", "a0": "1.000e+00", "a1": "1.101e+00", "a2": "3.884e-01"}, {"b0": "1.000e+00", "b1": "0.000e+00", "b2": "0.000e+00", "a0": "1.000e+00", "a1": "-2.418e-01", "a2": "4.221e-01"}, {"b0": "1.000e+00", "b1": "0.000e+00", "b2": "0.000e+00", "a0": "1.000e+00", "a1": "-1.349e+00", "a2": "4.618e-01"}, {"b0": "1.000e+00", "b1": "0.000e+00", "b2": "0.000e+00", "a0": "1.000e+00", "a1": "-1.441e+00", "a2": "8.987e-01"}]}, {"level": "3.189e-01", "delay": "1.600e-02", "position": {"az": "339.0", "el": "-16.0", "refdist": "1.0"}, "biquadsos": [{"b0": "1.307e-01", "b1": "0.000e+00", "b2": "0.000e+00", "a0": "1.000e+00", "a1": "-1.815e-01", "a2": "8.865e-02"}, {"b0": "1.000e+00", "b1": "0.000e+00", "b2": "0.000e+00", "a0": "1.000e+00", "a1": "-4.561e-02", "a2": "6.641e-01"}, {"b0": "1.000e+00", "b1": "0.000e+00", "b2": "0.000e+00", "a0": "1.000e+00", "a1": "-1.592e+00", "a2": "7.536e-01"}, {"b0": "1.000e+00", "b1": "0.000e+00", "b2": "0.000e+00", "a0": "1.000e+00", "a1": "-1.221e+00", "a2": "7.956e-01"}]}, {"level": "1.983e-01", "delay": "2.015e-02", "position": {"az": "16.0", "el": "-1.0", "refdist": "1.0"}, "biquadsos": [{"b0": "2.778e-01", "b1": "0.000e+00", "b2": "0.000e+00", "a0": "1.000e+00", "a1": "1.162e+00", "a2": "4.333e-01"}, {"b0": "1.000e+00", "b1": "0.000e+00", "b2": "0.000e+00", "a0": "1.000e+00", "a1": "-1.318e+00", "a2": "4.190e-01"}, {"b0": "1.000e+00", "b1": "0.000e+00", "b2": "0.000e+00", "a0": "1.000e+00", "a1": "-1.257e+00", "a2": "7.068e-01"}, {"b0": "1.000e+00", "b1": "0.000e+00", "b2": "0.000e+00", "a0": "1.000e+00", "a1": "-6.394e-01", "a2": "8.204e-01"}]}, {"level": "1.326e-01", "delay": "2.496e-02", "position": {"az": "92.0", "el": "36.0", "refdist": "1.0"}, "biquadsos": [{"b0": "3.437e-01", "b1": "0.000e+00", "b2": "0.000e+00", "a0": "1.000e+00", "a1": "-5.242e-02", "a2": "1.358e-01"}, {"b0": "1.000e+00", "b1": "0.000e+00", "b2": "0.000e+00", "a0": "1.000e+00", "a1": "9.746e-01", "a2": "3.101e-01"}, {"b0": "1.000e+00", "b1": "0.000e+00", "b2": "0.000e+00", "a0": "1.000e+00", "a1": "-1.447e+00", "a2": "7.134e-01"}, {"b0": "1.000e+00", "b1": "0.000e+00", "b2": "0.000e+00", "a0": "1.000e+00", "a1": "-1.021e+00", "a2": "7.278e-01"}]}, {"level": "1.596e-01", "delay": "2.758e-02", "position": {"az": "308.0", "el": "4.0", "refdist": "1.0"}, "biquadsos": [{"b0": "3.486e-01", "b1": "0.000e+00", "b2": "0.000e+00", "a0": "1.000e+00", "a1": "1.302e+00", "a2": "5.288e-01"}, {"b0": "1.000e+00", "b1": "0.000e+00", "b2": "0.000e+00", "a0": "1.000e+00", "a1": "1.102e-01", "a2": "5.768e-01"}, {"b0": "1.000e+00", "b1": "0.000e+00", "b2": "0.000e+00", "a0": "1.000e+00", "a1": "-1.577e+00", "a2": "6.923e-01"}, {"b0": "1.000e+00", "b1": "0.000e+00", "b2": "0.000e+00", "a0": "1.000e+00", "a1": "-1.341e+00", "a2": "8.575e-01"}]}, {"level": "1.211e-01", "delay": "2.921e-02", "position": {"az": "109.0", "el": "-27.0", "refdist": "1.0"}, "biquadsos": [{"b0": "1.870e-01", "b1": "0.000e+00", "b2": "0.000e+00", "a0": "1.000e+00", "a1": "1.057e-01", "a2": "4.919e-01"}, {"b0": "1.000e+00", "b1": "0.000e+00", "b2": "0.000e+00", "a0": "1.000e+00", "a1": "-1.070e+00", "a2": "6.303e-01"}, {"b0": "1.000e+00", "b1": "0.000e+00", "b2": "0.000e+00", "a0": "1.000e+00", "a1": "-9.925e-02", "a2": "-5.753e-01"}, {"b0": "1.000e+00", "b1": "0.000e+00", "b2": "0.000e+00", "a0": "1.000e+00", "a1": "-1.326e+00", "a2": "6.986e-01"}]}, {"level": "1.184e-01", "delay": "3.198e-02", "position": {"az": "184.0", "el": "-9.0", "refdist": "1.0"}, "biquadsos": [{"b0": "1.307e-01", "b1": "0.000e+00", "b2": "0.000e+00", "a0": "1.000e+00", "a1": "7.042e-01", "a2": "4.117e-01"}, {"b0": "1.000e+00", "b1": "0.000e+00", "b2": "0.000e+00", "a0": "1.000e+00", "a1": "-1.354e+00", "a2": "5.233e-01"}, {"b0": "1.000e+00", "b1": "0.000e+00", "b2": "0.000e+00", "a0": "1.000e+00", "a1": "-4.983e-01", "a2": "6.160e-01"}, {"b0": "1.000e+00", "b1": "0.000e+00", "b2": "0.000e+00", "a0": "1.000e+00", "a1": "-1.523e+00", "a2": "8.682e-01"}]}, {"level": "1.349e-01", "delay": "3.381e-02", "position": {"az": "155.0", "el": "-24.0", "refdist": "1.0"}, "biquadsos": [{"b0": "1.602e-01", "b1": "0.000e+00", "b2": "0.000e+00", "a0": "1.000e+00", "a1": "1.116e+00", "a2": "4.075e-01"}, {"b0": "1.000e+00", "b1": "0.000e+00", "b2": "0.000e+00", "a0": "1.000e+00", "a1": "-1.408e+00", "a2": "5.375e-01"}, {"b0": "1.000e+00", "b1": "0.000e+00", "b2": "0.000e+00", "a0": "1.000e+00", "a1": "-6.438e-01", "a2": "6.141e-01"}, {"b0": "1.000e+00", "b1": "0.000e+00", "b2": "0.000e+00", "a0": "1.000e+00", "a1": "-1.443e+00", "a2": "8.137e-01"}]}, {"level": "1.113e-01", "delay": "3.681e-02", "position": {"az": "339.0", "el": "-6.0", "refdist": "1.0"}, "biquadsos": [{"b0": "1.882e-01", "b1": "0.000e+00", "b2": "0.000e+00", "a0": "1.000e+00", "a1": "5.750e-01", "a2": "2.585e-01"}, {"b0": "1.000e+00", "b1": "0.000e+00", "b2": "0.000e+00", "a0": "1.000e+00", "a1": "-2.823e-01", "a2": "-4.280e-01"}, {"b0": "1.000e+00", "b1": "0.000e+00", "b2": "0.000e+00", "a0": "1.000e+00", "a1": "-7.339e-01", "a2": "8.548e-01"}, {"b0": "1.000e+00", "b1": "0.000e+00", "b2": "0.000e+00", "a0": "1.000e+00", "a1": "-1.688e+00", "a2": "9.188e-01"}]}, {"level": "1.489e-01", "delay": "3.996e-02", "position": {"az": "181.0", "el": "-16.0", "refdist": "1.0"}, "biquadsos": [{"b0": "1.927e-01", "b1": "0.000e+00", "b2": "0.000e+00", "a0": "1.000e+00", "a1": "1.174e+00", "a2": "4.429e-01"}, {"b0": "1.000e+00", "b1": "0.000e+00", "b2": "0.000e+00", "a0": "1.000e+00", "a1": "-1.535e+00", "a2": "6.513e-01"}, {"b0": "1.000e+00", "b1": "0.000e+00", "b2": "0.000e+00", "a0": "1.000e+00", "a1": "-6.348e-01", "a2": "8.376e-01"}, {"b0": "1.000e+00", "b1": "0.000e+00", "b2": "0.000e+00", "a0": "1.000e+00", "a1": "-1.317e+00", "a2": "8.803e-01"}]}, {"level": "1.297e-01", "delay": "4.194e-02", "position": {"az": "174.0", "el": "-16.0", "refdist": "1.0"}, "biquadsos": [{"b0": "3.168e-01", "b1": "0.000e+00", "b2": "0.000e+00", "a0": "1.000e+00", "a1": "-2.591e-01", "a2": "1.187e-01"}, {"b0": "1.000e+00", "b1": "0.000e+00", "b2": "0.000e+00", "a0": "1.000e+00", "a1": "5.843e-01", "a2": "6.970e-02"}, {"b0": "1.000e+00", "b1": "0.000e+00", "b2": "0.000e+00", "a0": "1.000e+00", "a1": "-5.945e-01", "a2": "6.788e-01"}, {"b0": "1.000e+00", "b1": "0.000e+00", "b2": "0.000e+00", "a0": "1.000e+00", "a1": "-1.511e+00", "a2": "8.185e-01"}]}, {"level": "1.079e-01", "delay": "4.442e-02", "position": {"az": "74.0", "el": "22.0", "refdist": "1.0"}, "biquadsos": [{"b0": "3.229e-01", "b1": "0.000e+00", "b2": "0.000e+00", "a0": "1.000e+00", "a1": "-2.437e-01", "a2": "1.405e-01"}, {"b0": "1.000e+00", "b1": "0.000e+00", "b2": "0.000e+00", "a0": "1.000e+00", "a1": "1.021e+00", "a2": "3.412e-01"}, {"b0": "1.000e+00", "b1": "0.000e+00", "b2": "0.000e+00", "a0": "1.000e+00", "a1": "-5.593e-01", "a2": "4.796e-01"}, {"b0": "1.000e+00", "b1": "0.000e+00", "b2": "0.000e+00", "a0": "1.000e+00", "a1": "-1.597e+00", "a2": "8.978e-01"}]}, {"level": "7.756e-02", "delay": "4.660e-02", "position": {"az": "8.0", "el": "-10.0", "refdist": "1.0"}, "biquadsos": [{"b0": "2.053e-01", "b1": "0.000e+00", "b2": "0.000e+00", "a0": "1.000e+00", "a1": "6.822e-01", "a2": "1.388e-01"}, {"b0": "1.000e+00", "b1": "0.000e+00", "b2": "0.000e+00", "a0": "1.000e+00", "a1": "-1.099e+00", "a2": "6.144e-01"}, {"b0": "1.000e+00", "b1": "0.000e+00", "b2": "0.000e+00", "a0": "1.000e+00", "a1": "-1.509e+00", "a2": "6.199e-01"}, {"b0": "1.000e+00", "b1": "0.000e+00", "b2": "0.000e+00", "a0": "1.000e+00", "a1": "-5.555e-01", "a2": "6.840e-01"}]}, {"level": "1.002e-01", "delay": "4.823e-02", "position": {"az": "163.0", "el": "-27.0", "refdist": "1.0"}, "biquadsos": [{"b0": "3.171e-01", "b1": "0.000e+00", "b2": "0.000e+00", "a0": "1.000e+00", "a1": "-1.056e+00", "a2": "3.222e-01"}, {"b0": "1.000e+00", "b1": "0.000e+00", "b2": "0.000e+00", "a0": "1.000e+00", "a1": "1.231e+00", "a2": "5.026e-01"}, {"b0": "1.000e+00", "b1": "0.000e+00", "b2": "0.000e+00", "a0": "1.000e+00", "a1": "-1.281e+00", "a2": "6.202e-01"}, {"b0": "1.000e+00", "b1": "0.000e+00", "b2": "0.000e+00", "a0": "1.000e+00", "a1": "-7.273e-01", "a2": "7.818e-01"}]}, {"level": "8.304e-02", "delay": "5.052e-02", "position": {"az": "139.0", "el": "-30.0", "refdist": "1.0"}, "biquadsos": [{"b0": "2.783e-01", "b1": "0.000e+00", "b2": "0.000e+00", "a0": "1.000e+00", "a1": "-9.131e-01", "a2": "4.301e-01"}, {"b0": "1.000e+00", "b1": "0.000e+00", "b2": "0.000e+00", "a0": "1.000e+00", "a1": "1.219e+00", "a2": "4.752e-01"}, {"b0": "1.000e+00", "b1": "0.000e+00", "b2": "0.000e+00", "a0": "1.000e+00", "a1": "-3.927e-01", "a2": "6.150e-01"}, {"b0": "1.000e+00", "b1": "0.000e+00", "b2": "0.000e+00", "a0": "1.000e+00", "a1": "-1.626e+00", "a2": "8.619e-01"}]}, {"level": "1.083e-01", "delay": "5.250e-02", "position": {"az": "59.0", "el": "4.0", "refdist": "1.0"}, "biquadsos": [{"b0": "1.712e-01", "b1": "0.000e+00", "b2": "0.000e+00", "a0": "1.000e+00", "a1": "1.123e+00", "a2": "4.060e-01"}, {"b0": "1.000e+00", "b1": "0.000e+00", "b2": "0.000e+00", "a0": "1.000e+00", "a1": "-7.206e-01", "a2": "6.858e-01"}, {"b0": "1.000e+00", "b1": "0.000e+00", "b2": "0.000e+00", "a0": "1.000e+00", "a1": "-1.163e+00", "a2": "6.976e-01"}, {"b0": "1.000e+00", "b1": "0.000e+00", "b2": "0.000e+00", "a0": "1.000e+00", "a1": "-1.664e+00", "a2": "8.032e-01"}]}, {"level": "9.826e-02", "delay": "5.410e-02", "position": {"az": "343.0", "el": "-3.0", "refdist": "1.0"}, "biquadsos": [{"b0": "2.531e-01", "b1": "0.000e+00", "b2": "0.000e+00", "a0": "1.000e+00", "a1": "1.122e+00", "a2": "4.151e-01"}, {"b0": "1.000e+00", "b1": "0.000e+00", "b2": "0.000e+00", "a0": "1.000e+00", "a1": "-2.853e-01", "a2": "6.155e-01"}, {"b0": "1.000e+00", "b1": "0.000e+00", "b2": "0.000e+00", "a0": "1.000e+00", "a1": "-1.573e+00", "a2": "6.635e-01"}, {"b0": "1.000e+00", "b1": "0.000e+00", "b2": "0.000e+00", "a0": "1.000e+00", "a1": "-1.311e+00", "a2": "8.467e-01"}]}, {"level": "9.733e-02", "delay": "5.613e-02", "position": {"az": "2.0", "el": "-2.0", "refdist": "1.0"}, "biquadsos": [{"b0": "3.031e-01", "b1": "0.000e+00", "b2": "0.000e+00", "a0": "1.000e+00", "a1": "1.250e+00", "a2": "5.050e-01"}, {"b0": "1.000e+00", "b1": "0.000e+00", "b2": "0.000e+00", "a0": "1.000e+00", "a1": "-2.191e-01", "a2": "5.391e-01"}, {"b0": "1.000e+00", "b1": "0.000e+00", "b2": "0.000e+00", "a0": "1.000e+00", "a1": "-1.014e+00", "a2": "6.541e-01"}, {"b0": "1.000e+00", "b1": "0.000e+00", "b2": "0.000e+00", "a0": "1.000e+00", "a1": "-1.746e+00", "a2": "8.415e-01"}]}], "lreverb": {"delay": "2.624e-03", "level": "6.59e-04, 1.65e-02, 4.42e-02, 6.74e-02, 5.32e-02, 1.16e-01, 6.83e-02, 3.73e-02, 3.91e-04", "attacktime": "2.38e-02, 2.38e-02, 2.38e-02, 2.38e-02, 2.38e-02, 2.38e-02, 2.38e-02, 2.38e-02, 2.38e-02", "decayconst": "-1.02e+02, -2.39e+02, -2.13e+01, -1.60e+01, -1.68e+01, -1.54e+01, -1.48e+01, -1.58e+01, -1.37e+01"}}}